Citance Number,Reference Article,Citing Article,Citation Marker Offset,Citation Marker,Citation Offset,Citation Text,Citation Text Clean,Reference Offset,Reference Text,Discourse Facet
1,D09-1092,P14-1004,0,"Mimno et al, 2009",0,"This configuration is similar to PolyLDA (Mimno et al, 2009) or LinkLDA (Yano et al, 2009), such that utterances from different parties are treated as different languages or blog-post and comments pairs","This configuration is similar to PolyLDA (Mimno et al, 2009) or LinkLDA (Yano et al, 2009), such that utterances from different parties are treated as different languages or blog-post and comments pairs","'32','20','186','22'","<S sid=""32"" ssid=""8"">Outside of the field of topic modeling, Kawaba et al. (Kawaba et al., 2008) use a Wikipedia-based model to perform sentiment analysis of blog posts.</S><S sid=""20"" ssid=""16"">We also explore how the characteristics of different languages affect topic model performance.</S><S sid=""186"" ssid=""20"">Although we find that if Wikipedia contains an article on a particular subject in some language, the article will tend to be topically similar to the articles about that subject in other languages, we also find that across the whole collection different languages emphasize topics to different extents.</S><S sid=""22"" ssid=""18"">We use this corpus to explore the ability of the model both to infer similarities between vocabularies in different languages, and to detect differences in topic emphasis between languages.</S>",
2,D09-1092,P10-1044,0,"Mimno et al, 2009",0,"Our particular model, LinkLDA, has been applied to a few NLP tasks such as simultaneously modeling the words appearing in blog posts and users who will likely respond to them (Yano et al, 2009), modeling topic-aligned articles in different languages (Mimno et al, 2009), and word sense induction (Brody and Lapata, 2009)","Our particular model, LinkLDA, has been applied to a few NLP tasks such as simultaneously modeling the words appearing in blog posts and users who will likely respond to them (Yano et al, 2009), modeling topic-aligned articles in different languages (Mimno et al, 2009), and word sense induction (Brody and Lapata, 2009)","'32','186','25','15'","<S sid=""32"" ssid=""8"">Outside of the field of topic modeling, Kawaba et al. (Kawaba et al., 2008) use a Wikipedia-based model to perform sentiment analysis of blog posts.</S><S sid=""186"" ssid=""20"">Although we find that if Wikipedia contains an article on a particular subject in some language, the article will tend to be topically similar to the articles about that subject in other languages, we also find that across the whole collection different languages emphasize topics to different extents.</S><S sid=""25"" ssid=""1"">Bilingual topic models for parallel texts with word-to-word alignments have been studied previously using the HM-bitam model (Zhao and Xing, 2007).</S><S sid=""15"" ssid=""11"">Previous work on bilingual topic modeling has focused on machine translation applications, which rely on sentence-aligned parallel translations.</S>",
3,D09-1092,P11-2084,0,"Mimno et al, 2009",0,"(Mimno et al, 2009) retrieve a list of potential translations simply by selecting a small number N of the most probable words in both languages and then add the Cartesian product of these sets for every topic to a set of candidate translations","(Mimno et al, 2009) retrieve a list of potential translations simply by selecting a small number N of the most probable words in both languages and then add the Cartesian product of these sets for every topic to a set of candidate translations","'138','137','109','21'","<S sid=""138"" ssid=""87"">We then add the Cartesian product of these sets for every topic to a set of candidate translations C. We report the number of elements of C that appear in the reference lexica.</S><S sid=""137"" ssid=""86"">For every topic t we select a small number K of the most probable words in English (e) and in each &#8220;translation&#8221; language (E): Wte and Wtt, respectively.</S><S sid=""109"" ssid=""58"">One simple way to achieve this topic alignment is to add a small set of comparable document tuples that provide sufficient &#8220;glue&#8221; to bind the topics together.</S><S sid=""21"" ssid=""17"">The second corpus, Wikipedia articles in twelve languages, contains sets of documents that are not translations of one another, but are very likely to be about similar concepts.</S>",
4,D09-1092,E12-1014,0,"Mimno et al, 2009",0,"Our Wikipedia-based topic similarity feature, w (f, e), is similar in spirit to polylingualtopic models (Mimno et al 2009), but it is scalable to full bilingual lexicon induction","Our Wikipedia-based topic similarity feature, w (f, e), is similar in spirit to polylingual topic models (Mimno et al 2009), but it is scalable to full bilingual lexicon induction","'0','29','32','129'","<S sid=""0"">Polylingual Topic Models</S><S sid=""29"" ssid=""5"">A recent extended abstract, developed concurrently by Ni et al. (Ni et al., 2009), discusses a multilingual topic model similar to the one presented here.</S><S sid=""32"" ssid=""8"">Outside of the field of topic modeling, Kawaba et al. (Kawaba et al., 2008) use a Wikipedia-based model to perform sentiment analysis of blog posts.</S><S sid=""129"" ssid=""78"">We therefore evaluate the ability of the PLTM to generate bilingual lexica, similar to other work in unsupervised translation modeling (Haghighi et al., 2008).</S>",
5,D09-1092,D11-1086,0,"Mimno et al, 2009",0,"of English document and the second half of its aligned foreign language document (Mimno et al,2009)","For Europarl data sets, we artificially make them comparable by considering the first half of English document and the second half of its aligned foreign language document (Mimno et al,2009)","'196','147','182','194'","<S sid=""196"" ssid=""5"">When applied to comparable document collections such as Wikipedia, PLTM supports data-driven analysis of differences and similarities across all languages for readers who understand any one language.</S><S sid=""147"" ssid=""96"">These aligned document pairs could then be fed into standard machine translation systems as training data.</S><S sid=""182"" ssid=""16"">As with EuroParl, we can calculate the JensenShannon divergence between pairs of documents within a comparable document tuple.</S><S sid=""194"" ssid=""3"">We also demonstrated that relatively small numbers of topically comparable document tuples are sufficient to align topics between languages in non-comparable corpora.</S>",
6,D09-1092,N12-1007,0,"Mimno et al, 2009",0,"Since the PLTM is not a contribution of this paper, we refer the interested reader to (Mimno et al, 2009) for more details","Since the PLTM is not a contribution of this paper, we refer the interested reader to (Mimno et al, 2009) for more details","'9','18','103','151'","<S sid=""9"" ssid=""5"">In this paper, we present the polylingual topic model (PLTM).</S><S sid=""18"" ssid=""14"">In this paper, we use two polylingual corpora to answer various critical questions related to polylingual topic models.</S><S sid=""103"" ssid=""52"">PLTM topics therefore have a higher granularity &#8211; i.e., they are more specific.</S><S sid=""151"" ssid=""100"">We are therefore interested in determining whether the information in the document-specific topic distributions is sufficient to identify semantically identical documents.</S>",
7,D09-1092,N12-1007,0,2009,0,"Evaluation Corpus The automatic evaluation of cross-lingual co reference systems requires annotated 10Mimno et al (2009) showed that so long as the proportion of topically-aligned to non-aligned documents exceeded 0.25, the topic distributions (as measured by mean Jensen-Shannon Divergence between distributions) did not degrade significantly","Mimno et al (2009) showed that so long as the proportion of topically-aligned to non-aligned documents exceeded 0.25, the topic distributions (as measured by mean Jensen-Shannon Divergence between distributions) did not degrade significantly","'122','156','118','79'","<S sid=""122"" ssid=""71"">Divergence drops significantly when the proportion of &#8220;glue&#8221; tuples increases from 0.01 to 0.25.</S><S sid=""156"" ssid=""105"">We use both Jensen-Shannon divergence and cosine distance.</S><S sid=""118"" ssid=""67"">We calculate the Jensen-Shannon divergence between the topic distributions for each pair of individual documents in S that were originally part of the same tuple prior to separation.</S><S sid=""79"" ssid=""28"">For each tuple we can then calculate the JensenShannon divergence (the average of the KL divergences between each distribution and a mean distribution) between these distributions.</S>",
8,D09-1092,D10-1025,0,"Mimno et al, 2009",0,"Similarly, Polylingual Topic Models (PLTM) (Mimno et al, 2009) generalized LDA to tuples of documents from multiple languages","Similarly, Polylingual Topic Models (PLTM) (Mimno et al, 2009) generalized LDA to tuples of documents from multiple languages","'35','0','105','192'","<S sid=""35"" ssid=""1"">The polylingual topic model (PLTM) is an extension of latent Dirichlet allocation (LDA) (Blei et al., 2003) for modeling polylingual document tuples.</S><S sid=""0"">Polylingual Topic Models</S><S sid=""105"" ssid=""54"">An important application for polylingual topic modeling is to use small numbers of comparable document tuples to link topics in larger collections of distinct, non-comparable documents in multiple languages.</S><S sid=""192"" ssid=""1"">We introduced a polylingual topic model (PLTM) that discovers topics aligned across multiple languages.</S>",
9,D09-1092,D10-1025,0,"Mimno et al, 2009",0,"Our baseline joint PLSA model (JPLSA) is closely related to the poly-lingual LDA model of (Mimno et al, 2009)","Our baseline joint PLSA model (JPLSA) is closely related to the poly-lingual LDA model of (Mimno et al, 2009)","'35','66','18','67'","<S sid=""35"" ssid=""1"">The polylingual topic model (PLTM) is an extension of latent Dirichlet allocation (LDA) (Blei et al., 2003) for modeling polylingual document tuples.</S><S sid=""66"" ssid=""15"">The second topic, concerning children, demonstrates the variability of everyday terminology: although the four Romance languages are closely related, they use etymologically unrelated words for children.</S><S sid=""18"" ssid=""14"">In this paper, we use two polylingual corpora to answer various critical questions related to polylingual topic models.</S><S sid=""67"" ssid=""16"">(Interestingly, all languages except Greek and Finnish use closely related words for &#8220;youth&#8221; or &#8220;young&#8221; in a separate topic.)</S>",
10,D09-1092,D10-1025,0,"Mimno et al, 2009",0,"We describe the model for two languages, but it is straightforward to generalize to more than two languages, as in (Mimno et al, 2009)","We describe the model for two languages, but it is straightforward to generalize to more than two languages, as in (Mimno et al, 2009)","'30','166','4','3'","<S sid=""30"" ssid=""6"">However, they evaluate their model on only two languages (English and Chinese), and do not use the model to detect differences between languages.</S><S sid=""166"" ssid=""115"">Again, English generally performs better with Romance languages than Germanic languages.</S><S sid=""4"" ssid=""4"">We explore the model&#8217;s characteristics using two large corpora, each with over ten different languages, and demonstrate its usefulness in supporting machine translation and tracking topic trends across languages.</S><S sid=""3"" ssid=""3"">We introduce a polylingual topic model that discovers topics aligned across multiple languages.</S>",
11,D09-1092,D10-1025,0,"Mimno et al, 2009",0,"j=1 P (z2j|?) P (w 2 j| ?z2j) The difference between the JPLSA model and the poly-lingual topic model of (Mimno et al, 2009) is that we merge the vocabularies in the two languages and learn topic-specific word distributions over these merged vocabularies, instead of having pairs of topic-specific word distributions, one for each language, like in (Mimno et al, 2009)","The difference between the JPLSA model and the poly-lingual topic model of (Mimno et al, 2009) is that we merge the vocabularies in the two languages and learn topic-specific word distributions over these merged vocabularies, instead of having pairs of topic-specific word distributions, one for each language, like in (Mimno et al, 2009)","'22','155','77','78'","<S sid=""22"" ssid=""18"">We use this corpus to explore the ability of the model both to infer similarities between vocabularies in different languages, and to detect differences in topic emphasis between languages.</S><S sid=""155"" ssid=""104"">Finally, for each pair of languages (&#8220;query&#8221; and &#8220;target&#8221;) we calculate the difference between the topic distribution for each held-out document in the query language and the topic distribution for each held-out document in the target language.</S><S sid=""77"" ssid=""26"">Maximum topic probability in document Although the posterior distribution over topics for each tuple is not concentrated on one topic, it is worth checking that this is not simply because the model is assigning a single topic to the 1We use the R density function. tokens in each of the languages.</S><S sid=""78"" ssid=""27"">Although the model does not distinguish between topic assignment variables within a given document tuple (so it is technically incorrect to speak of different posterior distributions over topics for different documents in a given tuple), we can nevertheless divide topic assignment variables between languages and use them to estimate a Dirichlet-multinomial posterior distribution for each language in each tuple.</S>",
12,D09-1092,D10-1025,0,"Mimno et al, 2009",0,"Another difference between our model and the poly-lingual LDA model of (Mimno et al, 2009) is that we use maximum aposteriori (MAP) instead of Bayesian inference","Another difference between our model and the poly-lingual LDA model of (Mimno et al, 2009) is that we use maximum aposteriori (MAP) instead of Bayesian inference","'30','154','97','47'","<S sid=""30"" ssid=""6"">However, they evaluate their model on only two languages (English and Chinese), and do not use the model to detect differences between languages.</S><S sid=""154"" ssid=""103"">We then use this model to infer topic distributions for each of the 11 documents in each of the held-out document tuples using a method similar to that used to calculate held-out probabilities (Wallach et al., 2009).</S><S sid=""97"" ssid=""46"">Rather, these results are intended as a quantitative analysis of the difference between the two models.</S><S sid=""47"" ssid=""13"">We take the latter approach, and use the MAP estimate for &#945;m and the predictive distributions over words for &#934;1, .</S>",
13,D09-1092,D10-1025,0,"Mimno et al, 2009",0,"For computing distance we used the L1-norm of the difference, which worked a bit better than the Jensen Shannon divergence between the topic vectors used in (Mimno et al, 2009)","For computing distance we used the L1-norm of the difference, which worked a bit better than the Jensen Shannon divergence between the topic vectors used in (Mimno et al, 2009)","'156','158','118','79'","<S sid=""156"" ssid=""105"">We use both Jensen-Shannon divergence and cosine distance.</S><S sid=""158"" ssid=""107"">Results averaged over all query/target language pairs are shown in figure 7 for Jensen-Shannon divergence.</S><S sid=""118"" ssid=""67"">We calculate the Jensen-Shannon divergence between the topic distributions for each pair of individual documents in S that were originally part of the same tuple prior to separation.</S><S sid=""79"" ssid=""28"">For each tuple we can then calculate the JensenShannon divergence (the average of the KL divergences between each distribution and a mean distribution) between these distributions.</S>",
15,D09-1092,D10-1025,0,"Mimno et al, 2009",0,"In previously reported work, (Mimno et al, 2009) evaluate parallel document retrieval using PLTM on Europarl speeches in English and Spanish, using training and test sets of size similar to ours","In previously reported work, (Mimno et al, 2009) evaluate parallel document retrieval using PLTM on Europarl speeches in English and Spanish, using training and test sets of size similar to ours","'129','25','42','170'","<S sid=""129"" ssid=""78"">We therefore evaluate the ability of the PLTM to generate bilingual lexica, similar to other work in unsupervised translation modeling (Haghighi et al., 2008).</S><S sid=""25"" ssid=""1"">Bilingual topic models for parallel texts with word-to-word alignments have been studied previously using the HM-bitam model (Zhao and Xing, 2007).</S><S sid=""42"" ssid=""8"">Given a corpus of training and test document tuples&#8212;W and W', respectively&#8212;two possible inference tasks of interest are: computing the probability of the test tuples given the training tuples and inferring latent topic assignments for test documents.</S><S sid=""170"" ssid=""4"">First, we explore whether comparable document tuples support the alignment of fine-grained topics, as demonstrated earlier using parallel documents.</S>",
16,D09-1092,W12-3117,0,"Mimno et al, 2009",0,"We assume that a higher dimensionality can lead to a better repartitioning of the vocabulary over the topics. Multilingual LDA has been used before in natural language processing ,e.g .polylingual topic models (Mimno et al, 2009) or multilingual topic models for unaligned text (Boyd-Graber and Blei, 2009)","Multilingual LDA has been used before in natural language processing, e.g. polylingual topic models (Mimno et al, 2009) or multilingual topic models for unaligned text (Boyd-Graber and Blei, 2009)","'35','0','6','29'","<S sid=""35"" ssid=""1"">The polylingual topic model (PLTM) is an extension of latent Dirichlet allocation (LDA) (Blei et al., 2003) for modeling polylingual document tuples.</S><S sid=""0"">Polylingual Topic Models</S><S sid=""6"" ssid=""2"">Topic models have been used for analyzing topic trends in research literature (Mann et al., 2006; Hall et al., 2008), inferring captions for images (Blei and Jordan, 2003), social network analysis in email (McCallum et al., 2005), and expanding queries with topically related words in information retrieval (Wei and Croft, 2006).</S><S sid=""29"" ssid=""5"">A recent extended abstract, developed concurrently by Ni et al. (Ni et al., 2009), discusses a multilingual topic model similar to the one presented here.</S>",
17,D09-1092,W11-2133,0,2009,0,"ji =wjk? M j i? m k=1w j k, (1) where M j is the topic distribution of document j and wk is the number of occurrences of phrase pair Xk in document j. Mimno et al (2009) extend the original concept of LDA to support polylingual topic models (PLTM), both on parallel (such as EuroParl) and partly comparable documents (such as Wikipediaarticles)","Mimno et al (2009) extend the original concept of LDA to support polylingual topic models (PLTM), both on parallel (such as EuroParl) and partly comparable documents (such as Wikipedia articles)","'35','182','111','29'","<S sid=""35"" ssid=""1"">The polylingual topic model (PLTM) is an extension of latent Dirichlet allocation (LDA) (Blei et al., 2003) for modeling polylingual document tuples.</S><S sid=""182"" ssid=""16"">As with EuroParl, we can calculate the JensenShannon divergence between pairs of documents within a comparable document tuple.</S><S sid=""111"" ssid=""60"">In order to simulate this scenario we create a set of variations of the EuroParl corpus by treating some documents as if they have no parallel/comparable texts &#8211; i.e., we put each of these documents in a single-document tuple.</S><S sid=""29"" ssid=""5"">A recent extended abstract, developed concurrently by Ni et al. (Ni et al., 2009), discusses a multilingual topic model similar to the one presented here.</S>",
18,D09-1092,W11-2133,0,2009,0,Tuple-specific topic distributions arelearned using LDA with distinct topic-word concentration parameters? l. Mimno et al (2009) show that PLTM sufficiently aligns topics in parallel corpora,Mimno et al (2009) show that PLTM sufficiently aligns topics in parallel corpora,"'63','126','194','114'","<S sid=""63"" ssid=""12"">Figure 2 shows the most probable words in all languages for four example topics, from PLTM with 400 topics.</S><S sid=""126"" ssid=""75"">These results demonstrate that PLTM is appropriate for aligning topics in corpora that have only a small subset of comparable documents.</S><S sid=""194"" ssid=""3"">We also demonstrated that relatively small numbers of topically comparable document tuples are sufficient to align topics between languages in non-comparable corpora.</S><S sid=""114"" ssid=""63"">Ideally, the &#8220;glue&#8221; documents in g will be sufficient to align the topics across languages, and will cause comparable documents in S to have similar distributions over topics even though they are modeled independently.</S>",
19,D09-1092,P14-2110,0,"Mimno et al, 2009",0,"A good candidate for multilingual topic analyses are polylin gual topic models (Mimno et al, 2009), which learn topics for multiple languages, creating tuples of language specific distributions over monolingual vocabularies for each topic","A good candidate for multilingual topic analyses are polylingual topic models (Mimno et al, 2009), which learn topics for multiple languages, creating tuples of language specific distributions over monolingual vocabularies for each topic","'3','192','78','37'","<S sid=""3"" ssid=""3"">We introduce a polylingual topic model that discovers topics aligned across multiple languages.</S><S sid=""192"" ssid=""1"">We introduced a polylingual topic model (PLTM) that discovers topics aligned across multiple languages.</S><S sid=""78"" ssid=""27"">Although the model does not distinguish between topic assignment variables within a given document tuple (so it is technically incorrect to speak of different posterior distributions over topics for different documents in a given tuple), we can nevertheless divide topic assignment variables between languages and use them to estimate a Dirichlet-multinomial posterior distribution for each language in each tuple.</S><S sid=""37"" ssid=""3"">PLTM assumes that the documents in a tuple share the same tuple-specific distribution over topics.</S>",
20,D09-1092,P14-2110,0,2009,0,"3csLDATo train a polylingual topic model on social media, we make two modifications to the model of Mimno et al (2009): add a token specific language variable, and a process for identifying aligned top ics. First ,polylingual topic models require parallel or comparable corpora in which each document has an assigned language","To train a polylingual topic model on social media, we make two modifications to the model of Mimno et al (2009): add a token specific language variable, and a process for identifying aligned top ics","'192','3','9','153'","<S sid=""192"" ssid=""1"">We introduced a polylingual topic model (PLTM) that discovers topics aligned across multiple languages.</S><S sid=""3"" ssid=""3"">We introduce a polylingual topic model that discovers topics aligned across multiple languages.</S><S sid=""9"" ssid=""5"">In this paper, we present the polylingual topic model (PLTM).</S><S sid=""153"" ssid=""102"">In order to make the task more difficult, we train a relatively coarse-grained PLTM with 50 topics on the training set.</S>",
