Citance Number,Reference Article,Citing Article,Citation Marker Offset,Citation Marker,Citation Offset,Citation Text,Citation Text Clean,Reference Offset,Reference Text,Discourse Facet
1,J01-2004,W05-0104,0,2001,0,"Second, their language models were used to rescore n-best speech lists (supplied by Brian Roark, see Roark (2001))","Second, their language models were used to rescore n-best speech lists (supplied by Brian Roark, see Roark (2001))","'92','93','14','106'","<S sid=""92"" ssid=""50"">These models are commonly called n-gram models.'</S><S sid=""93"" ssid=""51"">The standard language model used in many speech recognition systems is the trigram model, i.e., a Markov model of order 2, which can be characterized by the following equation: To smooth the trigram models that are used in this paper, we interpolate the probability estimates of higher-order Markov models with lower-order Markov models (Jelinek and Mercer 1980).</S><S sid=""14"" ssid=""2"">Perhaps one reason for this is that, until relatively recently, few methods have come out of the natural language processing community that were shown to improve upon the very simple language models still standardly in use in speech recognition systems.</S><S sid=""106"" ssid=""10"">String prefix probabilities can be straightforwardly used to compute conditional word probabilities by definition: Stolcke and Segal (1994) and Jurafsky et al. (1995) used these basic ideas to estimate bigram probabilities from hand-written PCFGs, which were then used in language models.</S>",
2,J01-2004,P08-1013,0,2001,0,"Other linguistically inspired language models like Chelba and Jelinek (2000) and Roark (2001) have been applied to continuous speech recognition. These models have in common that they explicitly or implicitly use a context-free grammar induced from a tree bank, with the exception of Chelba and Jelinek (2000)",Other linguistically inspired language models like Chelba and Jelinek (2000) and Roark (2001) have been applied to continuous speech recognition,"'247','15','17','88'","<S sid=""247"" ssid=""3"">Perplexity is a standard measure within the speech recognition community for comparing language models.</S><S sid=""15"" ssid=""3"">In the past few years, however, some improvements have been made over these language models through the use of statistical methods of natural language processing, and the development of innovative, linguistically well-motivated techniques for improving language models for speech recognition is generating more interest among computational linguists.</S><S sid=""17"" ssid=""5"">This paper will examine language modeling for speech recognition from a natural language processing point of view.</S><S sid=""88"" ssid=""46"">This section will briefly introduce language modeling for statistical speech recognition.'</S>",
4,J01-2004,P04-1015,0,"Roark, 2001a",0,"Theperceptron approach was implemented with the same feature set as that of an existing generative model (Roark, 2001a), and experimental results show that it gives competitive performance to the generative model on parsing the Penn tree bank","The perceptron approach was implemented with the same feature set as that of an existing generative model (Roark, 2001a), and experimental results show that it gives competitive performance to the generative model on parsing the Penn treebank","'347','4','10','20'","<S sid=""347"" ssid=""103"">The perplexity improvement was achieved by simply taking the existing parsing model and applying it, with no extra training beyond that done for parsing.</S><S sid=""4"" ssid=""4"">A new language model that utilizes probabilistic top-down parsing is then outlined, and empirical results show that it improves upon previous work in test corpus perplexity.</S><S sid=""10"" ssid=""4"">A new language model that utilizes probabilistic top-down parsing is then outlined, and empirical results show that it improves upon previous work in test corpus perplexity.</S><S sid=""20"" ssid=""8"">Two features of our top-down parsing approach will emerge as key to its success.</S>",
5,J01-2004,P04-1015,0,"Roark, 2001a",0,"We implemented the perceptron approach with the same feature set as that of an existing generative model (Roark, 2001a), and show that the per ceptron model gives performance competitive to that of the generative model on parsing the Penn tree bank, thus demonstrating that an unnormalized discriminative parsing model can be applied with heuristic search","We implemented the perceptron approach with the same feature set as that of an existing generative model (Roark, 2001a), and show that the perceptron model gives performance competitive to that of the generative model on parsing the Penn treebank, thus demonstrating that an unnormalized discriminative parsing model can be applied with heuristic search","'347','5','11','32'","<S sid=""347"" ssid=""103"">The perplexity improvement was achieved by simply taking the existing parsing model and applying it, with no extra training beyond that done for parsing.</S><S sid=""5"" ssid=""5"">Interpolation with a trigram model yields an exceptional improvement relative to the improvement observed by other models, demonstrating the degree to which the information captured by our parsing model is orthogonal to that captured by a trigram model.</S><S sid=""11"" ssid=""5"">Interpolation with a trigram model yields an exceptional improvement relative to the improvement observed by other models, demonstrating the degree to which the information captured by our parsing model is orthogonal to that captured by a trigram model.</S><S sid=""32"" ssid=""20"">A second key feature of our approach is that top-down guidance improves the efficiency of the search as more and more conditioning events are extracted from the derivation for use in the probabilistic model.</S>",
6,J01-2004,P04-1015,0,2001a,0,"One way around this problem is to adopt a two-pass approach, where GEN (x) is the top N analyses under some initial model, as in the re ranking approach of Collins (2000) .In the current paper we explore alternatives to rerank ing approaches, namely heuristic methods for finding the arg max, specifically incremental beam-search strategies related to the parsers of Roark (2001a) and Ratnaparkhi (1999)","In the current paper we explore alternatives to reranking approaches, namely heuristic methods for finding the argmax, specifically incremental beam-search strategies related to the parsers of Roark (2001a) and Ratnaparkhi (1999)","'268','136','223','137'","<S sid=""268"" ssid=""24"">This is an incremental parser with a pruning strategy and no backtracking.</S><S sid=""136"" ssid=""40"">That is, search efficiency for these parsers is improved by both statistical search heuristics and DP.</S><S sid=""223"" ssid=""127"">We implement this as a beam search.</S><S sid=""137"" ssid=""41"">Here we will present a parser that uses simple search heuristics of this sort without DP.</S>",
7,J01-2004,P04-1015,0,2001a,0,"approach The parser is an incremental beam-search parser very similar to the sort described in Roark (2001a; 2004), with some changes in the search strategy to accommodate the perceptron feature weights","The parser is an incremental beam-search parser very similar to the sort described in Roark (2001a; 2004), with some changes in the search strategy to accommodate the perceptron feature weights","'268','223','137','136'","<S sid=""268"" ssid=""24"">This is an incremental parser with a pruning strategy and no backtracking.</S><S sid=""223"" ssid=""127"">We implement this as a beam search.</S><S sid=""137"" ssid=""41"">Here we will present a parser that uses simple search heuristics of this sort without DP.</S><S sid=""136"" ssid=""40"">That is, search efficiency for these parsers is improved by both statistical search heuristics and DP.</S>",
9,J01-2004,P04-1015,0,2001a,0,"Unlike in Roark (2001a; 2004), there is no look-ahead statistic, so we modified the feature set from those papers to explicitly include the lexical item and POS tag of the next word","Unlike in Roark (2001a; 2004), there is no look-ahead statistic, so we modified the feature set from those papers to explicitly include the lexical item and POS tag of the next word","'215','224','231','80'","<S sid=""215"" ssid=""119"">The first word in the string remaining to be parsed, w1, we will call the look-ahead word.</S><S sid=""224"" ssid=""128"">For each word position i, we have a separate priority queue H, of analyses with look-ahead w,.</S><S sid=""231"" ssid=""135"">Since we do not know the POS for the word, we must sum the LAP for all POS For a PCFG G, a stack S = Ao An$ (which we will write AN and a look-ahead terminal item wi, we define the look-ahead probability as follows: We recursively estimate this with two empirically observed conditional probabilities for every nonterminal A,: 13(A, w,a) and P(A, c).</S><S sid=""80"" ssid=""38"">It also brings words further downstream into the look-ahead at the point of specification.</S>",
10,J01-2004,P05-1022,0,"Roark, 2001",0,"A good example of this is the Roark parser (Roark, 2001) which works left-to right through the sentence, and abjures dynamic programming in favor of a beam search, keeping some large number of possibilities to extend by adding the next word, and then re-pruning","A good example of this is the Roark parser (Roark, 2001) which works left-to-right through the sentence, and abjures dynamic programming in favor of a beam search, keeping some large number of possibilities to extend by adding the next word, and then re-pruning","'267','297','26','135'","<S sid=""267"" ssid=""23"">In addition, we show the average number of rule expansions considered per word, that is, the number of rule expansions for which a probability was calculated (see Roark and Charniak [2000]), and the average number of analyses advanced to the next priority queue per word.</S><S sid=""297"" ssid=""53"">The differences between a k-best and a beam-search parser (not to mention the use of dynamic programming) make a running time difference unsurprising.</S><S sid=""26"" ssid=""14"">For example, suppose that there are two possible verbs that could be the head of a sentence.</S><S sid=""135"" ssid=""39"">Such methods are nearly always used in conjunction with some form of dynamic programming (henceforth DP).</S>",
11,J01-2004,P05-1022,0,"Roark, 2001",0,"At the end one has a beam-width? s number of best parses (Roark, 2001) .The Collins parser (Collins, 1997) does use dynamic programming in its search","At the end one has a beam-width's number of best parses (Roark, 2001)","'255','304','9','3'","<S sid=""255"" ssid=""11"">Sentence error rate is the number of sentences with one or more errors per 100 sentences.</S><S sid=""304"" ssid=""60"">The hope is that a large amount of the probability mass will be accounted for by the parses in the beam.</S><S sid=""9"" ssid=""3"">A lexicalized probabilistic topdown parser is then presented, which performs very well, in terms of both the accuracy of returned parses and the efficiency with which they are found, relative to the best broad-coverage statistical parsers.</S><S sid=""3"" ssid=""3"">A lexicalized probabilistic topdown parser is then presented, which performs very well, in terms of both the accuracy of returned parses and the efficiency with which they are found, relative to the best broad-coverage statistical parsers.</S>",
12,J01-2004,P05-1022,0,"Roark, 2001",0,"To put this in perspective, Roark (Roark, 2001) reports oracle results of 0.941 (with the same experimental setup) using his parser to return a variable number of parses","To put this in perspective, Roark (Roark, 2001) reports oracle results of 0.941 (with the same experimental setup) using his parser to return a variable number of parses","'270','291','282','267'","<S sid=""270"" ssid=""26"">In such a case, the parser fails to return a complete parse.</S><S sid=""291"" ssid=""47"">Also, the parser returns a set of candidate parses, from which we have been choosing the top ranked; if we use an oracle to choose the parse with the highest accuracy from among the candidates (which averaged 70.0 in number per sentence), we find an average labeled precision/recall of 94.1, for sentences of length &lt; 100.</S><S sid=""282"" ssid=""38"">Like the nonlexicalized parser in Roark and Johnson (1999), we found that the search efficiency, in terms of number of rule expansions considered or number of analyses advanced, also improved as we increased the amount of conditioning.</S><S sid=""267"" ssid=""23"">In addition, we show the average number of rule expansions considered per word, that is, the number of rule expansions for which a probability was calculated (see Roark and Charniak [2000]), and the average number of analyses advanced to the next priority queue per word.</S>",
13,J01-2004,P04-1006,0,"Roark, 2001",0,"We ran the first stage parser with 4-timesoverparsing for each string in 7The n? best lists were provided by Brian Roark (Roark, 2001) 8A local-tree is an explicit expansion of an edge and its children","The n-best lists were provided by Brian Roark (Roark, 2001)","'39','76','92','355'","<S sid=""39"" ssid=""27"">The top-down guidance that is provided makes this approach quite efficient in practice.</S><S sid=""76"" ssid=""34"">The leftfactorization transform that we use is identical to what is called right binarization in Roark and Johnson (1999).</S><S sid=""92"" ssid=""50"">These models are commonly called n-gram models.'</S><S sid=""355"" ssid=""111"">In order to get a sense of whether these perplexity reduction results can translate to improvement in a speech recognition task, we performed a very small preliminary experiment on n-best lists.</S>",
14,J01-2004,P05-1063,0,"Roark, 2001a",0,"Incremental top down and left-corner parsing (Roark, 2001a; Roark, 2001b) and head-driven parsing (Charniak, 2001) approaches have directly used generative PCFG models as language models","Incremental top-down and left-corner parsing (Roark, 2001a; Roark, 2001b) and head-driven parsing (Charniak, 2001) approaches have directly used generative PCFG models as language models","'400','0','102','402'","<S sid=""400"" ssid=""13"">Other parsing approaches might also be used in the way that we have used a topdown parser.</S><S sid=""0"">Probabilistic Top-Down Parsing and Language Modeling</S><S sid=""102"" ssid=""6"">One approach to syntactic language modeling is to use this distribution directly as a language model.</S><S sid=""402"" ssid=""15"">In fact, left-corner parsing can be simulated by a top-down parser by transforming the grammar, as was done in Roark and Johnson (1999), and so an approach very similar to the one outlined here could be used in that case.</S>",
15,J01-2004,W10-2009,0,"Roark, 2001",0,"Levy, on the other hand ,argued that studies of probabilistic parsing reveal that typically a small number of analyses are as signed the majority of probability mass (Roark, 2001)","Levy, on the other hand, argued that studies of probabilistic parsing reveal that typically a small number of analyses are assigned the majority of probability mass (Roark, 2001)","'267','304','59','313'","<S sid=""267"" ssid=""23"">In addition, we show the average number of rule expansions considered per word, that is, the number of rule expansions for which a probability was calculated (see Roark and Charniak [2000]), and the average number of analyses advanced to the next priority queue per word.</S><S sid=""304"" ssid=""60"">The hope is that a large amount of the probability mass will be accounted for by the parses in the beam.</S><S sid=""59"" ssid=""17"">A PCFG is a CFG with a probability assigned to each rule; specifically, each righthand side has a probability given the left-hand side of the rule.</S><S sid=""313"" ssid=""69"">By utilizing a figure of merit to identify promising analyses, we are simply focusing our attention on those parses that are likely to have a high probability, and thus we are increasing the amount of probability mass that we do capture, of the total possible.</S>",
17,J01-2004,D09-1034,0,2001,0,"For example, in Demberg and Keller (2008), trials were run deriving surprisal from the Roark (2001) parser under two different conditions: fully lex icalized parsing, and fully unlexicalized parsing (to pre-terminal part-of-speech tags)","For example, in Demberg and Keller (2008), trials were run deriving surprisal from the Roark (2001) parser under two different conditions: fully lexicalized parsing, and fully unlexicalized parsing (to pre-terminal part-of-speech tags)","'363','37','377','145'","<S sid=""363"" ssid=""119"">Splitting of the contractions is critical for parsing, since the two parts oftentimes (as in the previous example) fall in different constituents.</S><S sid=""37"" ssid=""25"">Thus, our top-down parser makes it very easy to condition the probabilistic grammar on an arbitrary number of values extracted from the rooted, fully specified derivation.</S><S sid=""377"" ssid=""133"">The point of this small experiment was to see if our parsing model could provide useful information even in the case that recognition errors occur, as opposed to the (generally) fully grammatical strings upon which the perplexity results were obtained.</S><S sid=""145"" ssid=""49"">Examples of this are bilexical grammars&#8212;such as Eisner and Satta (1999), Charniak (1997), Collins (1997)&#8212;where the lexical heads of each constituent are annotated on both the right- and left-hand sides of the context-free rules, under the constraint that every constituent inherits the lexical head from exactly one of its children, and the lexical head of a POS is its terminal item.</S>",
18,J01-2004,D09-1034,0,2001,0,"We modified the Roark (2001) parser to calculate the discussed measures 1, and the empirical results in? 4 show several things, including: 1) using a fully lexicalized parser to calculate syntactic surprisal and entropy provides higher predictive utility for reading times than these measures calculated via unlexicalized parsing (as in Demberg and Keller); and 2) syntactic entropy is a useful predictor of reading time","We modified the Roark (2001) parser to calculate the discussed measures, and the empirical results in ?4 show several things, including: 1) using a fully lexicalized parser to calculate syntactic surprisal and entropy provides higher predictive utility for reading times than these measures calculated via unlexicalized parsing (as in Demberg and Keller); and 2) syntactic entropy is a useful predictor of reading time","'329','251','25','107'","<S sid=""329"" ssid=""85"">Table 3 shows several things.</S><S sid=""251"" ssid=""7"">Then, under certain assumptions, given a large enough sample, the sample mean of the negative log probability of a model will converge to its cross entropy with the true mode1.14 That is where w'ol is a string of the language L. In practice, one takes a large sample of the language, and calculates the negative log probability of the sample, normalized by its size.15 The lower the cross entropy (i.e., the higher the probability the model assigns to the sample), the better the model.</S><S sid=""25"" ssid=""13"">A parser that is not left to right, but which has rooted derivations, e.g., a headfirst parser, will be able to calculate generative joint probabilities for entire strings; however, it will not be able to calculate probabilities for each word conditioned on previously generated words, unless each derivation generates the words in the string in exactly the same order.</S><S sid=""107"" ssid=""11"">Interpolating the observed bigram probabilities with these calculated bigrams led, in both cases, to improvements in word error rate over using the observed bigrams alone, demonstrating that there is some benefit to using these syntactic language models to generalize beyond observed n-grams.</S>",
19,J01-2004,D09-1034,0,2001,0,"In this section, we review relevant details of the Roark (2001) incremental top-down parser, as configured for use here","In this section, we review relevant details of the Roark (2001) incremental top-down parser, as configured for use here","'98','41','402','209'","<S sid=""98"" ssid=""2"">We will focus our very brief review, however, on those that use grammars or parsing for their language models.</S><S sid=""41"" ssid=""29"">There will also be a brief review of previous work using syntactic information for language modeling, before we introduce our model in Section 4.</S><S sid=""402"" ssid=""15"">In fact, left-corner parsing can be simulated by a top-down parser by transforming the grammar, as was done in Roark and Johnson (1999), and so an approach very similar to the one outlined here could be used in that case.</S><S sid=""209"" ssid=""113"">This parser is essentially a stochastic version of the top-down parser described in Aho, Sethi, and Ullman (1986).</S>",
20,J01-2004,D09-1034,0,2001,0,"At each word in the string, the Roark (2001) top-down parser provides access to the weighted set of partial analyses in the beam; the set of complete derivations consistent with these is not immediately accessible, hence additional work is re quired to calculate such measures. Let H (D) be the entropy over a set of derivations D, calculated as follows: H (D)=? X D? D? (D) P D?? D? (D?) log? (D) P D?? D? (D?) (10) If the set of derivations D= D (G, W [1, i]) is a set of partial derivations for string W [1, i], then H (D) is a measure of uncertainty over the partial derivations ,i.e., the uncertainty regarding the correct analysis of what has already been processed","At each word in the string, the Roark (2001) top-down parser provides access to the weighted set of partial analyses in the beam; the set of complete derivations consistent with these is not immediately accessible, hence additional work is required to calculate such measures","'72','310','25','21'","<S sid=""72"" ssid=""30"">Let Dw, be the set of all partial derivations for a prefix string 4.</S><S sid=""310"" ssid=""66"">This is a subset of the possible leftmost partial derivations with respect to the prefix string W. Since RV is produced by expanding only analyses on priority queue H;', the set of complete trees consistent with the partial derivations on priority queue Ht is a subset of the set of complete trees consistent with the partial derivations on priority queue HT'', that is, the total probability mass represented by the priority queues is monotonically decreasing.</S><S sid=""25"" ssid=""13"">A parser that is not left to right, but which has rooted derivations, e.g., a headfirst parser, will be able to calculate generative joint probabilities for entire strings; however, it will not be able to calculate probabilities for each word conditioned on previously generated words, unless each derivation generates the words in the string in exactly the same order.</S><S sid=""21"" ssid=""9"">First, the top-down parsing algorithm builds a set of rooted candidate parse trees from left to right over the string, which allows it to calculate a generative probability for each prefix string from the probabilistic grammar, and hence a conditional probability for each word given the previous words and the probabilistic grammar.</S>",
