Citance Number,Reference Article,Citing Article,Citation Marker Offset,Citation Marker,Citation Offset,Citation Text,Citation Text Clean,Reference Offset,Reference Text,Discourse Facet
1,W11-2123,W11-2138,0,"Heafield, 2011",0,"We used common tools for phrase-based translation? Moses (Koehn et al, 2007) decoder and tools, SRILM (Stolcke, 2002) and KenLM (Heafield, 2011) for language modelling and GIZA++ (Och and Ney, 2000) for word alignments","We used common tools for phrase-based translation Moses (Koehn et al, 2007) decoder and tools, SRILM (Stolcke, 2002) and KenLM (Heafield, 2011) for language modelling and GIZA++ (Och and Ney, 2000) for word alignments","'12','199','27','54'","<S sid=""12"" ssid=""7"">Throughout this paper we compare with several packages: SRILM 1.5.12 (Stolcke, 2002) is a popular toolkit based on tries used in several decoders.</S><S sid=""199"" ssid=""18"">For the perplexity and translation tasks, we used SRILM to build a 5-gram English language model on 834 million tokens from Europarl v6 (Koehn, 2005) and the 2011 Workshop on Machine Translation News Crawl corpus with duplicate lines removed.</S><S sid=""27"" ssid=""5"">Hash tables are a common sparse mapping technique used by SRILM&#8217;s default and BerkeleyLM&#8217;s hashed variant.</S><S sid=""54"" ssid=""32"">SRILM&#8217;s compact variant, IRSTLM, MITLM, and BerkeleyLM&#8217;s sorted variant are all based on this technique.</S>",
2,W11-2123,P14-2022,0,"Heafield, 2011",0,"The language model was com piled into KenLM probing format (Heafield, 2011) and placed in RAM while text phrase tables were forced into the disk cache before each run","The language model was compiled into KenLM probing format (Heafield, 2011) and placed in RAM while text phrase tables were forced into the disk cache before each run","'223','32','0','102'","<S sid=""223"" ssid=""42"">The binary language model from Section 5.2 and text phrase table were forced into disk cache before each run.</S><S sid=""32"" ssid=""10"">Linear probing places at most one entry in each bucket.</S><S sid=""0"">KenLM: Faster and Smaller Language Model Queries</S><S sid=""102"" ssid=""6"">The PROBING model was designed to improve upon SRILM by using linear probing hash tables (though not arranged in a trie), allocating memory all at once (eliminating the need for full pointers), and being easy to compile.</S>",
3,W11-2123,W12-3145,0,"Heafield, 2011",0,"Thus given afragment tf consisting of a sequence of target to kens, we compute LM scores for (i) < s& gt ;tf, (ii )tf and (iii )tf < /s& gt; and use the best score (only) for pruning.2 While this increases the number ofLM queries, we exploit the language model state in formation in KenLM (Heafield, 2011) to optimize the queries by saving the scores for the unchanged states","Thus given a fragment tf consisting of a sequence of target tokens, we compute LM scores for (i) < s& gt ;tf, (ii )tf and (iii )tf < /s& gt; and use the best score (only) for pruning. While this increases the number of LM queries, we exploit the language model state in formation in KenLM (Heafield, 2011) to optimize the queries by saving the scores for the unchanged states","'0','131','135','1'","<S sid=""0"">KenLM: Faster and Smaller Language Model Queries</S><S sid=""131"" ssid=""3"">Dynamic programming efficiently scores many hypotheses by exploiting the fact that an N-gram language model conditions on at most N &#8722; 1 preceding words.</S><S sid=""135"" ssid=""7"">Therefore, we want state to encode the minimum amount of information necessary to properly compute language model scores, so that the decoder will be faster and make fewer search errors.</S><S sid=""1"" ssid=""1"">We present KenLM, a library that implements two data structures for efficient language model queries, reducing both time and costs.</S>",
4,W11-2123,W12-3131,0,"Heafield, 2011",0,"Our translation system uses cdec (Dyer et al,2010), an implementation of the hierarchical phrase based translation model (Chiang, 2007) that uses the KenLM library (Heafield, 2011) for language model inference","Our translation system uses cdec (Dyer et al,2010), an implementation of the hierarchical phrase based translation model (Chiang, 2007) that uses the KenLM library (Heafield, 2011) for language model inference","'21','26','0','52'","<S sid=""21"" ssid=""16"">Performance improvements transfer to the Moses (Koehn et al., 2007), cdec (Dyer et al., 2010), and Joshua (Li et al., 2009) translation systems where our code has been integrated.</S><S sid=""26"" ssid=""4"">We use two common techniques, hash tables and sorted arrays, describing each before the model that uses the technique.</S><S sid=""0"">KenLM: Faster and Smaller Language Model Queries</S><S sid=""52"" ssid=""30"">Our implementation permits jumping to any n-gram of any length with a single lookup; this appears to be unique among language model implementations.</S>",
5,W11-2123,W12-3154,0,"Heafield, 2011",0,"The three data sets in use in this paper are summarised in Table 1.The translation systems consisted of phrase tables and lexicalised reordering tables estimated using the standard Moses (Koehn et al, 2007) training pipeline, and 5-gram Kneser-Ney smoothed language models estimated using the SRILM toolkit (Stolcke, 2002), with KenLM (Heafield, 2011) used at runtime","The three data sets in use in this paper are summarised in Table 1.The translation systems consisted of phrase tables and lexicalised reordering tables estimated using the standard Moses (Koehn et al, 2007) training pipeline, and 5-gram Kneser-Ney smoothed language models estimated using the SRILM toolkit (Stolcke, 2002), with KenLM (Heafield, 2011) used at runtime","'12','199','27','254'","<S sid=""12"" ssid=""7"">Throughout this paper we compare with several packages: SRILM 1.5.12 (Stolcke, 2002) is a popular toolkit based on tries used in several decoders.</S><S sid=""199"" ssid=""18"">For the perplexity and translation tasks, we used SRILM to build a 5-gram English language model on 834 million tokens from Europarl v6 (Koehn, 2005) and the 2011 Workshop on Machine Translation News Crawl corpus with duplicate lines removed.</S><S sid=""27"" ssid=""5"">Hash tables are a common sparse mapping technique used by SRILM&#8217;s default and BerkeleyLM&#8217;s hashed variant.</S><S sid=""254"" ssid=""73"">We used this data to build an unpruned ARPA file with IRSTLM&#8217;s improved-kneser-ney option and the default three pieces.</S>",
6,W11-2123,P12-2058,0,"Heafield, 2011",0,"The features used are basic lexical features, word penalty and a 3-gram Language Model (Heafield, 2011)","The features used are basic lexical features, word penalty and a 3-gram Language Model (Heafield, 2011)","'68','199','52','47'","<S sid=""68"" ssid=""46"">The trie data structure is commonly used for language modeling.</S><S sid=""199"" ssid=""18"">For the perplexity and translation tasks, we used SRILM to build a 5-gram English language model on 834 million tokens from Europarl v6 (Koehn, 2005) and the 2011 Workshop on Machine Translation News Crawl corpus with duplicate lines removed.</S><S sid=""52"" ssid=""30"">Our implementation permits jumping to any n-gram of any length with a single lookup; this appears to be unique among language model implementations.</S><S sid=""47"" ssid=""25"">For 2 &lt; n &lt; N, we use a hash table mapping from the n-gram to the probability and backoff3.</S>",
7,W11-2123,W11-2139,0,2011,0,Inference was carried out using the language modeling library described by Heafield (2011),Inference was carried out using the language modeling library described by Heafield (2011),"'274','19','68','129'","<S sid=""274"" ssid=""1"">We have described two data structures for language modeling that achieve substantial reductions in time and memory cost.</S><S sid=""19"" ssid=""14"">These packages are further described in Section 3.</S><S sid=""68"" ssid=""46"">The trie data structure is commonly used for language modeling.</S><S sid=""129"" ssid=""1"">In addition to the optimizations specific to each datastructure described in Section 2, we implement several general optimizations for language modeling.</S>",
8,W11-2123,P13-2003,0,"Heafield, 2011",0,"We used the MADA ATB segmentation for Arabic (Roth et al, 2008) and true casing for English, phrases of maximal length 7, KneserNey smoothing, and lexicalized reordering (Koehn et al, 2005), and a 5-gram language model, trained on GigaWordv.5 using KenLM (Heafield, 2011)","We used the MADA ATB segmentation for Arabic (Roth et al, 2008) and true casing for English, phrases of maximal length 7, KneserNey smoothing, and lexicalized reordering (Koehn et al, 2005), and a 5-gram language model, trained on GigaWordv.5 using KenLM (Heafield, 2011)","'199','0','52','200'","<S sid=""199"" ssid=""18"">For the perplexity and translation tasks, we used SRILM to build a 5-gram English language model on 834 million tokens from Europarl v6 (Koehn, 2005) and the 2011 Workshop on Machine Translation News Crawl corpus with duplicate lines removed.</S><S sid=""0"">KenLM: Faster and Smaller Language Model Queries</S><S sid=""52"" ssid=""30"">Our implementation permits jumping to any n-gram of any length with a single lookup; this appears to be unique among language model implementations.</S><S sid=""200"" ssid=""19"">The model was built with open vocabulary, modified Kneser-Ney smoothing, and default pruning settings that remove singletons of order 3 and higher.</S>",
9,W11-2123,W12-3134,0,2011,0,The approach we take is similar to work on efficiently storing large phrase tables by Zens and Ney (2007) and language mod els by Heafield (2011) and Pauls and Klein (2011)? both language model implementations are now integrated with Joshua,The approach we take is similar to work on efficiently storing large phrase tables by Zens and Ney (2007) and language models by Heafield (2011) and Pauls and Klein (2011)? both language model implementations are now integrated with Joshua,"'45','244','131','223'","<S sid=""45"" ssid=""23"">The PROBING data structure is a rather straightforward application of these hash tables to store Ngram language models.</S><S sid=""244"" ssid=""63"">Time for Moses itself to load, including loading the language model and phrase table, is included.</S><S sid=""131"" ssid=""3"">Dynamic programming efficiently scores many hypotheses by exploiting the fact that an N-gram language model conditions on at most N &#8722; 1 preceding words.</S><S sid=""223"" ssid=""42"">The binary language model from Section 5.2 and text phrase table were forced into disk cache before each run.</S>",
10,W11-2123,W12-3134,0,2011,0,Our quantization approach follows Federico and Bertoldi (2006) and Heafield (2011) in partitioning the value histogram into 256 equal-sized buckets,Our quantization approach follows Federico and Bertoldi (2006) and Heafield (2011) in partitioning the value histogram into 256 equal-sized buckets,"'92','204','81','253'","<S sid=""92"" ssid=""70"">To quantize, we use the binning method (Federico and Bertoldi, 2006) that sorts values, divides into equally sized bins, and averages within each bin.</S><S sid=""204"" ssid=""23"">For RandLM, we used the settings in the documentation: 8 bits per value and false positive probability 1 256.</S><S sid=""81"" ssid=""59"">Values in the trie are minimally sized at the bit level, improving memory consumption over trie implementations in SRILM, IRSTLM, and BerkeleyLM.</S><S sid=""253"" ssid=""72"">Using RandLM and the documented settings (8-bit values and 1 256 false-positive probability), we built a stupid backoff model on the same data as in Section 5.2.</S>",
11,W11-2123,W12-3134,0,2011,0,"With the help of the respective original authors, the language model implementations by Heafield (2011) and Pauls and Klein (2011) have been integrated with Joshua, dropping support for the slower and more difficult to compile SRILM toolkit (Stolcke, 2002)","With the help of the respective original authors, the language model implementations by Heafield (2011) and Pauls and Klein (2011) have been integrated with Joshua, dropping support for the slower and more difficult to compile SRILM toolkit (Stolcke, 2002)","'12','103','4','52'","<S sid=""12"" ssid=""7"">Throughout this paper we compare with several packages: SRILM 1.5.12 (Stolcke, 2002) is a popular toolkit based on tries used in several decoders.</S><S sid=""103"" ssid=""7"">IRSTLM (Federico et al., 2008) is an open-source toolkit for building and querying language models.</S><S sid=""4"" ssid=""4"">Our code is thread-safe, and integrated into the Moses, cdec, and Joshua translation systems.</S><S sid=""52"" ssid=""30"">Our implementation permits jumping to any n-gram of any length with a single lookup; this appears to be unique among language model implementations.</S>",
12,W11-2123,W12-3160,0,"Heafield, 2011",0,"This was used to create a KenLM (Heafield, 2011)","This was used to create a KenLM (Heafield, 2011)","'68','5','204','27'","<S sid=""68"" ssid=""46"">The trie data structure is commonly used for language modeling.</S><S sid=""5"" ssid=""5"">This paper describes the several performance techniques used and presents benchmarks against alternative implementations.</S><S sid=""204"" ssid=""23"">For RandLM, we used the settings in the documentation: 8 bits per value and false positive probability 1 256.</S><S sid=""27"" ssid=""5"">Hash tables are a common sparse mapping technique used by SRILM&#8217;s default and BerkeleyLM&#8217;s hashed variant.</S>",
13,W11-2123,W12-3706,0,"Heafield, 2011",0,"In the Opinum system we query the M p, M n mod els with the KenLM (Heafield, 2011) open-source library because it answers the queries very quickly and has a short loading time, which is suitable fora web application","In the Opinum system we query the M p, M n models with the KenLM (Heafield, 2011) open-source library because it answers the queries very quickly and has a short loading time, which is suitable for a web application","'103','1','0','7'","<S sid=""103"" ssid=""7"">IRSTLM (Federico et al., 2008) is an open-source toolkit for building and querying language models.</S><S sid=""1"" ssid=""1"">We present KenLM, a library that implements two data structures for efficient language model queries, reducing both time and costs.</S><S sid=""0"">KenLM: Faster and Smaller Language Model Queries</S><S sid=""7"" ssid=""2"">This paper presents methods to query N-gram language models, minimizing time and space costs.</S>",
14,W11-2123,W11-2147,0,"Heafield, 2011",0,"Our base line is a factored phrase based SMT system that uses the Moses toolkit (Koehn et al, 2007) for translation model training and decoding, GIZA++ (Ochand Ney, 2003) for word alignment, SRILM (Stolcke, 2002) an KenLM (Heafield, 2011) for language modelling and minimum error rate training (Och, 2003) to tune model feature weights","Our base line is a factored phrase based SMT system that uses the Moses toolkit (Koehn et al, 2007) for translation model training and decoding, GIZA++ (Ochand Ney, 2003) for word alignment, SRILM (Stolcke, 2002) an KenLM (Heafield, 2011) for language modelling and minimum error rate training (Och, 2003) to tune model feature weights","'12','0','199','54'","<S sid=""12"" ssid=""7"">Throughout this paper we compare with several packages: SRILM 1.5.12 (Stolcke, 2002) is a popular toolkit based on tries used in several decoders.</S><S sid=""0"">KenLM: Faster and Smaller Language Model Queries</S><S sid=""199"" ssid=""18"">For the perplexity and translation tasks, we used SRILM to build a 5-gram English language model on 834 million tokens from Europarl v6 (Koehn, 2005) and the 2011 Workshop on Machine Translation News Crawl corpus with duplicate lines removed.</S><S sid=""54"" ssid=""32"">SRILM&#8217;s compact variant, IRSTLM, MITLM, and BerkeleyLM&#8217;s sorted variant are all based on this technique.</S>",
15,W11-2123,E12-1083,0,"Heafield, 2011",0,"For language modeling, we computed 5-gram models using IRSTLM7 (Federico et al., 2008) and queried the model with KenLM (Heafield, 2011)","For language modeling, we computed 5-gram models using IRSTLM7 (Federico et al., 2008) and queried the model with KenLM (Heafield, 2011)","'103','0','68','11'","<S sid=""103"" ssid=""7"">IRSTLM (Federico et al., 2008) is an open-source toolkit for building and querying language models.</S><S sid=""0"">KenLM: Faster and Smaller Language Model Queries</S><S sid=""68"" ssid=""46"">The trie data structure is commonly used for language modeling.</S><S sid=""11"" ssid=""6"">Many packages perform language model queries.</S>",
16,W11-2123,P12-1002,0,"Heafield, 2011",0,"Furthermore, the extraction of grammars for training is done in a leave-one-out fashion (Zollmann and Sima ?an,2005) where rules are extracted for a parallel sentence pair only if the same rules are found in other sentences of the corpus as well.3-gram (news-commentary) and 5-gram (Europarl) language models are trained on the data described in Table 1, using the SRILM toolkit (Stolcke, 2002) and binarized for efficient querying using kenlm (Heafield, 2011)","Furthermore, the extraction of grammars for training is done in a leave-one-out fashion (Zollmann and Simaan,2005) where rules are extracted for a parallel sentence pair only if the same rules are found in other sentences of the corpus as well.3-gram (news-commentary) and 5-gram (Europarl) language models are trained on the data described in Table 1, using the SRILM toolkit (Stolcke, 2002) and binarized for efficient querying using kenlm (Heafield, 2011)","'199','103','12','8'","<S sid=""199"" ssid=""18"">For the perplexity and translation tasks, we used SRILM to build a 5-gram English language model on 834 million tokens from Europarl v6 (Koehn, 2005) and the 2011 Workshop on Machine Translation News Crawl corpus with duplicate lines removed.</S><S sid=""103"" ssid=""7"">IRSTLM (Federico et al., 2008) is an open-source toolkit for building and querying language models.</S><S sid=""12"" ssid=""7"">Throughout this paper we compare with several packages: SRILM 1.5.12 (Stolcke, 2002) is a popular toolkit based on tries used in several decoders.</S><S sid=""8"" ssid=""3"">Queries take the form p(wn|wn&#8722;1 1 ) where wn1 is an n-gram.</S>",
17,W11-2123,D12-1108,0,"Heafield, 2011",0,"n-gram language model scores implemented with the KenLM toolkit (Heafield, 2011), 3","n-gram language model scores implemented with the KenLM toolkit (Heafield, 2011), 3","'0','131','103','52'","<S sid=""0"">KenLM: Faster and Smaller Language Model Queries</S><S sid=""131"" ssid=""3"">Dynamic programming efficiently scores many hypotheses by exploiting the fact that an N-gram language model conditions on at most N &#8722; 1 preceding words.</S><S sid=""103"" ssid=""7"">IRSTLM (Federico et al., 2008) is an open-source toolkit for building and querying language models.</S><S sid=""52"" ssid=""30"">Our implementation permits jumping to any n-gram of any length with a single lookup; this appears to be unique among language model implementations.</S>",
18,W11-2123,P12-2006,0,"Heafield, 2011",0,"Research efforts to increase search efficiency for phrase-based MT (Koehn et al, 2003) have explored several directions, ranging from generalizing the stack decoding algorithm (Ortiz et al, 2006) to additional early pruning techniques (Delaney et al, 2006), (Moore and Quirk, 2007) and more efficient language model (LM) querying (Heafield, 2011)","Research efforts to increase search efficiency for phrase-based MT (Koehn et al, 2003) have explored several directions, ranging from generalizing the stack decoding algorithm (Ortiz et al, 2006) to additional early pruning techniques (Delaney et al, 2006), (Moore and Quirk, 2007) and more efficient language model (LM) querying (Heafield, 2011)","'223','118','17','1'","<S sid=""223"" ssid=""42"">The binary language model from Section 5.2 and text phrase table were forced into disk cache before each run.</S><S sid=""118"" ssid=""22"">The hash variant is a reverse trie with hash tables, a more memory-efficient version of SRILM&#8217;s default.</S><S sid=""17"" ssid=""12"">Sheffield Guthrie and Hepple (2010) explore several randomized compression techniques, but did not release code.</S><S sid=""1"" ssid=""1"">We present KenLM, a library that implements two data structures for efficient language model queries, reducing both time and costs.</S>",
19,W11-2123,P13-2073,0,"Heafield, 2011",0,"For English language modeling, we use English Giga word Corpus with 5-gram LM using the KenLM toolkit (Heafield, 2011)","For English language modeling, we use English Giga word Corpus with 5-gram LM using the KenLM toolkit (Heafield, 2011)","'199','69','0','143'","<S sid=""199"" ssid=""18"">For the perplexity and translation tasks, we used SRILM to build a 5-gram English language model on 834 million tokens from Europarl v6 (Koehn, 2005) and the 2011 Workshop on Machine Translation News Crawl corpus with duplicate lines removed.</S><S sid=""69"" ssid=""47"">Our TRIE implements the popular reverse trie, in which the last word of an n-gram is looked up first, as do SRILM, IRSTLM&#8217;s inverted variant, and BerkeleyLM except for the scrolling variant.</S><S sid=""0"">KenLM: Faster and Smaller Language Model Queries</S><S sid=""143"" ssid=""15"">IRSTLM and BerkeleyLM use this state function (and a limit of N &#8722;1 words), but it is more strict than necessary, so decoders using these packages will miss some recombination opportunities.</S>",
20,W11-2123,P13-1109,0,"Heafield, 2011",0,"For the language model, we used the KenLM toolkit (Heafield, 2011) to create a 5-gram language model on the target side of the Europarl corpus (v7) with approximately 54M tokens with KneserNey smoothing","For the language model, we used the KenLM toolkit (Heafield, 2011) to create a 5-gram language model on the target side of the Europarl corpus (v7) with approximately 54M tokens with KneserNey smoothing","'199','68','0','103'","<S sid=""199"" ssid=""18"">For the perplexity and translation tasks, we used SRILM to build a 5-gram English language model on 834 million tokens from Europarl v6 (Koehn, 2005) and the 2011 Workshop on Machine Translation News Crawl corpus with duplicate lines removed.</S><S sid=""68"" ssid=""46"">The trie data structure is commonly used for language modeling.</S><S sid=""0"">KenLM: Faster and Smaller Language Model Queries</S><S sid=""103"" ssid=""7"">IRSTLM (Federico et al., 2008) is an open-source toolkit for building and querying language models.</S>",
