Citance Number,Reference Article,Citing Article,Citation Marker Offset,Citation Marker,Citation Offset,Citation Text,Citation Text Clean,Reference Offset,Reference Text,Discourse Facet
1,W99-0613,N01-1023,0,"Collins and Singer, 1999",0,"Co-Training has been used before in applications like word-sense disambiguation (Yarowsky, 1995), web-page classification (Blum and Mitchell, 1998) and named entity identification (Collins and Singer, 1999)","Co-Training has been used before in applications like word-sense disambiguation (Yarowsky, 1995), web-page classification (Blum and Mitchell, 1998) and named entity identification (Collins and Singer, 1999)","'0','121','163','28'","<S sid=""0"">Unsupervised Models for Named Entity Classification Collins</S><S sid=""121"" ssid=""54"">They also describe an application of cotraining to classifying web pages (the to feature sets are the words on the page, and other pages pointing to the page).</S><S sid=""163"" ssid=""30"">We now describe the CoBoost algorithm for the named entity problem.</S><S sid=""28"" ssid=""22"">(Yarowsky 95) describes an algorithm for word-sense disambiguation that exploits redundancy in contextual features, and gives impressive performance.</S>",
2,W99-0613,N01-1023,0,"Collins and Singer, 1999",0,"They also discuss an application of classifying web pages by using their method of mutually constrained models. (Collins and Singer, 1999) further extend the use of classifiers that have mutual constraints by adding terms toAdaBoost which force the classifiers to agree (called Co Boosting)","(Collins and Singer, 1999) further extend the use of classifiers that have mutual constraints by adding terms to AdaBoost which force the classifiers to agree (called Co Boosting)","'174','247','33','140'","<S sid=""174"" ssid=""41"">The two new terms force the two classifiers to agree, as much as possible, on the unlabeled examples.</S><S sid=""247"" ssid=""14"">N, portion of examples on which both classifiers give a label rather than abstaining), and the proportion of these examples on which the two classifiers agree.</S><S sid=""33"" ssid=""27"">The second algorithm builds on a boosting algorithm called AdaBoost (Freund and Schapire 97; Schapire and Singer 98).</S><S sid=""140"" ssid=""7"">AdaBoost was first introduced in (Freund and Schapire 97); (Schapire and Singer 98) gave a generalization of AdaBoost which we will use in this paper.</S>",
3,W99-0613,W03-1509,0,Collins and Singer 1999,0,"Recent methods for English NER focus on machine-learning algorithms such as DL-CoTrain, CoBoost [Collins and Singer 1999], HMM [Daniel M. Bikel 1997], maximum entropy model [Borthwick, et al 1999] and so on","Recent methods for English NER focus on machine-learning algorithms such as DL-CoTrain, CoBoost [Collins and Singer 1999], HMM [Daniel M. Bikel 1997], maximum entropy model [Borthwick, et al 1999] and so on","'134','246','91','138'","<S sid=""134"" ssid=""1"">This section describes an algorithm based on boosting algorithms, which were previously developed for supervised machine learning problems.</S><S sid=""246"" ssid=""13"">(3) shows learning curves for CoBoost.</S><S sid=""91"" ssid=""24"">There are two differences between this method and the DL-CoTrain algorithm: spelling and contextual features, alternating between labeling and learning with the two types of features.</S><S sid=""138"" ssid=""5"">(We would like to note though that unlike previous boosting algorithms, the CoBoost algorithm presented here is not a boosting algorithm under Valiant's (Valiant 84) Probably Approximately Correct (PAC) model.)</S>",
4,W99-0613,C02-1154,0,"Collins and Singer, 1999",0,"DL-CoTrain, (Collins and Singer, 1999), learns capitalized proper name NEs from a syn tactically analyzed corpus","DL-CoTrain, (Collins and Singer, 1999), learns capitalized proper name NEs from a syntactically analyzed corpus","'10','91','127','79'","<S sid=""10"" ssid=""4"">The task is to learn a function from an input string (proper name) to its type, which we will assume to be one of the categories Person, Organization, or Location.</S><S sid=""91"" ssid=""24"">There are two differences between this method and the DL-CoTrain algorithm: spelling and contextual features, alternating between labeling and learning with the two types of features.</S><S sid=""127"" ssid=""60"">The DL-CoTrain algorithm can be motivated as being a greedy method of satisfying the above 2 constraints.</S><S sid=""79"" ssid=""12"">2 We now introduce a new algorithm for learning from unlabeled examples, which we will call DLCoTrain (DL stands for decision list, the term Cotrain is taken from (Blum and Mitchell 98)).</S>",
5,W99-0613,C02-1154,0,"Collins and Singer, 1999",0,"(Collins and Singer, 1999) also makes use of competing categories (person, organization, and location), which cover 96% of all the instances itset out to classify","(Collins and Singer, 1999) also makes use of competing categories (person, organization, and location), which cover 96% of all the instances it set out to classify","'77','236','237','213'","<S sid=""77"" ssid=""10"">In this paper k = 3 (the three labels are person, organization, location), and we set a = 0.1.</S><S sid=""236"" ssid=""3"">We chose one of four labels for each example: location, person, organization, or noise where the noise category was used for items that were outside the three categories.</S><S sid=""237"" ssid=""4"">The numbers falling into the location, person, organization categories were 186, 289 and 402 respectively.</S><S sid=""213"" ssid=""80"">Thus at each iteration the algorithm is forced to pick features for the location, person and organization in turn for the classifier being trained.</S>",
6,W99-0613,W06-2204,0,"Collins and Singer, 1999",0,"In (Collins and Singer, 1999) Collins and Singer show that unlabeled data can be used to reduce the level of supervision required for named entity classification","In (Collins and Singer, 1999) Collins and Singer show that unlabeled data can be used to reduce the level of supervision required for named entity classification","'0','18','250','2'","<S sid=""0"">Unsupervised Models for Named Entity Classification Collins</S><S sid=""18"" ssid=""12"">But we will show that the use of unlabeled data can drastically reduce the need for supervision.</S><S sid=""250"" ssid=""1"">Unlabeled examples in the named-entity classification problem can reduce the need for supervision to a handful of seed rules.</S><S sid=""2"" ssid=""2"">A large number of rules is needed for coverage of the domain, suggesting that a fairly large number of labeled examples should be required to train a classi- However, we show that the use of data can reduce the requirements for supervision to just 7 simple &amp;quot;seed&amp;quot; rules.</S>",
8,W99-0613,W03-1022,0,"Collins and Singer, 1999",0,"Collins and Singer (1999) for example report that 88% of the named entities occurring in their data set belong to these three categories (Collins and Singer, 1999)","Collins and Singer (1999) for example report that 88% of the named entities occurring in their data set belong to these three categories (Collins and Singer, 1999)","'0','236','9','1'","<S sid=""0"">Unsupervised Models for Named Entity Classification Collins</S><S sid=""236"" ssid=""3"">We chose one of four labels for each example: location, person, organization, or noise where the noise category was used for items that were outside the three categories.</S><S sid=""9"" ssid=""3"">This paper discusses the use of unlabeled examples for the problem of named entity classification.</S><S sid=""1"" ssid=""1"">This paper discusses the use of unlabeled examples for the problem of named entity classification.</S>",
9,W99-0613,E09-1018,0,"Collinsand Singer, 1999",0,"While EM has worked quite well for a few tasks, notably ma chine translations (starting with the IBM models 1-5 (Brown et al, 1993), it has not had success inmost others, such as part-of-speech tagging (Merialdo, 1991), named-entity recognition (Collinsand Singer, 1999) and context-free-grammar induction (numerous attempts, too many to mention)","While EM has worked quite well for a few tasks, notably machine translations (starting with the IBM models 1-5 (Brown et al, 1993), it has not had success in most others, such as part-of-speech tagging (Merialdo, 1991), named-entity recognition (Collinsand Singer, 1999) and context-free-grammar induction (numerous attempts, too many to mention)","'0','16','57','3'","<S sid=""0"">Unsupervised Models for Named Entity Classification Collins</S><S sid=""16"" ssid=""10"">Supervised methods have been applied quite successfully to the full MUC named-entity task (Bikel et al. 97).</S><S sid=""57"" ssid=""11"">From here on we will refer to the named-entity string itself as the spelling of the entity, and the contextual predicate as the context.</S><S sid=""3"" ssid=""3"">The approach gains leverage from natural redundancy in the data: for many named-entity instances both the spelling of the name and the context in which it appears are sufficient to determine its type.</S>",
11,W99-0613,W07-1712,0,"Collins and Singer, 1999",0,"In addition, we would also like to explore the semi-supervised techniques such as co-training and self-training (Collins and Singer, 1999)","In addition, we would also like to explore the semi-supervised techniques such as co-training and self-training (Collins and Singer, 1999)","'219','55','138','29'","<S sid=""219"" ssid=""86"">Finally, we would like to note that it is possible to devise similar algorithms based with other objective functions than the one given in Equ.</S><S sid=""55"" ssid=""9"">In addition to the named-entity string (Maury Cooper or Georgia), a contextual predictor was also extracted.</S><S sid=""138"" ssid=""5"">(We would like to note though that unlike previous boosting algorithms, the CoBoost algorithm presented here is not a boosting algorithm under Valiant's (Valiant 84) Probably Approximately Correct (PAC) model.)</S><S sid=""29"" ssid=""23"">Unfortunately, Yarowsky's method is not well understood from a theoretical viewpoint: we would like to formalize the notion of redundancy in unlabeled data, and set up the learning task as optimization of some appropriate objective function.</S>",
12,W99-0613,W09-2208,0,"Collins and Singer, 1999",0,"Collins et al (Collins and Singer, 1999) proposed two algorithms for NER by modifying Yarowsky ?smethod (Yarowsky, 1995) and the framework suggested by (Blum and Mitchell, 1998)","Collins et al (Collins and Singer, 1999) proposed two algorithms for NER by modifying Yarowsky's method (Yarowsky, 1995) and the framework suggested by (Blum and Mitchell, 1998)","'6','27','8','5'","<S sid=""6"" ssid=""6"">The second algorithm extends ideas from boosting algorithms, designed for supervised learning tasks, to the framework suggested by (Blum and Mitchell 98).</S><S sid=""27"" ssid=""21"">The first method builds on results from (Yarowsky 95) and (Blum and Mitchell 98).</S><S sid=""8"" ssid=""2"">Recent results (e.g., (Yarowsky 95; Brill 95; Blum and Mitchell 98)) have suggested that unlabeled data can be used quite profitably in reducing the need for supervision.</S><S sid=""5"" ssid=""5"">The first method uses a similar algorithm to that of (Yarowsky 95), with modifications motivated by (Blum and Mitchell 98).</S>",
13,W99-0613,W06-2207,0,"Collins and Singer, 1999",0,"This approach was shown to perform well on real-world natural language problems (Collins and Singer, 1999)","This approach was shown to perform well on real-world natural language problems (Collins and Singer, 1999)","'7','3','222','39'","<S sid=""7"" ssid=""1"">Many statistical or machine-learning approaches for natural language problems require a relatively large amount of supervision, in the form of labeled training examples.</S><S sid=""3"" ssid=""3"">The approach gains leverage from natural redundancy in the data: for many named-entity instances both the spelling of the name and the context in which it appears are sufficient to determine its type.</S><S sid=""222"" ssid=""1"">The Expectation Maximization (EM) algorithm (Dempster, Laird and Rubin 77) is a common approach for unsupervised training; in this section we describe its application to the named entity problem.</S><S sid=""39"" ssid=""33"">(Brin 98) ,describes a system for extracting (author, book-title) pairs from the World Wide Web using an approach that bootstraps from an initial seed set of examples.</S>",
15,W99-0613,W06-2207,0,"Collins and Singer, 1999",0,"(6) Similarly to (Collins and Singer, 1999) we used T= 0.95 for all experiments reported here","(6) Similarly to (Collins and Singer, 1999) we used T= 0.95 for all experiments reported here","'8','64','162','209'","<S sid=""8"" ssid=""2"">Recent results (e.g., (Yarowsky 95; Brill 95; Blum and Mitchell 98)) have suggested that unlabeled data can be used quite profitably in reducing the need for supervision.</S><S sid=""64"" ssid=""18"">, for A. T.&amp;T. nonalpha.. .</S><S sid=""162"" ssid=""29"">(6), with W+ &gt; W_.</S><S sid=""209"" ssid=""76"">For the experiments in this paper we made a couple of additional modifications to the CoBoost algorithm.</S>",
16,W99-0613,P12-1065,0,1999,0,We use Collins and Singer (1999) for our exact specification of Yarowsky.2 It uses DL rule scores ?fj?| ?fj |+ |? f |+ L (1) where  is a smoothing constant,We use Collins and Singer (1999) for our exact specification of Yarowsky,"'80','18','156','68'","<S sid=""80"" ssid=""13"">The 2(Yarowsky 95) describes the use of more sophisticated smoothing methods.</S><S sid=""18"" ssid=""12"">But we will show that the use of unlabeled data can drastically reduce the need for supervision.</S><S sid=""156"" ssid=""23"">Our derivation is slightly different from the one presented in (Schapire and Singer 98) as we restrict at to be positive.</S><S sid=""68"" ssid=""1"">The first unsupervised algorithm we describe is based on the decision list method from (Yarowsky 95).</S>",
