Citance Number,Reference Article,Citing Article,Citation Marker Offset,Citation Marker,Citation Offset,Citation Text,Citation Text Clean,Reference Offset,Reference Text,Discourse Facet
2,A00-2018,N10-1002,0,"Charniak, 2000",0,"As a benchmark VPC extraction system, we use the Charniak parser (Charniak, 2000)","As a benchmark VPC extraction system, we use the Charniak parser (Charniak, 2000)","'19','91','30','89'","<S sid=""19"" ssid=""8"">The method we use follows that of [10].</S><S sid=""91"" ssid=""2"">As the generative model is top-down and we use a standard bottom-up best-first probabilistic chart parser [2,7], we use the chart parser as a first pass to generate candidate possible parses to be evaluated in the second pass by our probabilistic model.</S><S sid=""30"" ssid=""19"">Thus we would use p(L2 I L1, M, 1, t, h, H).</S><S sid=""89"" ssid=""58"">(Actually, we use a minor variant described in [4].)</S>",
3,A00-2018,W11-0610,0,"Charniak, 2000",0,"Each of these scores can be calculated from a provided syntactic parse tree, and to generate these we made use of the Charniakparser (Charniak, 2000), also trained on the Switch board tree bank","Each of these scores can be calculated from a provided syntactic parse tree, and to generate these we made use of the Charniak parser (Charniak, 2000), also trained on the Switch board tree bank","'91','5','1','172'","<S sid=""91"" ssid=""2"">As the generative model is top-down and we use a standard bottom-up best-first probabilistic chart parser [2,7], we use the chart parser as a first pass to generate candidate possible parses to be evaluated in the second pass by our probabilistic model.</S><S sid=""5"" ssid=""1"">We present a new parser for parsing down to Penn tree-bank style parse trees [16] that achieves 90.1% average precision/recall for sentences of length &lt; 40, and 89.5% for sentences of length &lt; 100, when trained and tested on the previously established [5,9,10,15,17] &amp;quot;standard&amp;quot; sections of the Wall Street Journal tree-bank.</S><S sid=""1"" ssid=""1"">We present a new parser for parsing down to Penn tree-bank style parse trees that achieves 90.1% average precision/recall for sentences of 40 and less, and for of length 100 and less when trained and tested on the previously established [5,9,10,15,17] &amp;quot;standard&amp;quot; sections of the Wall Street Journal treebank.</S><S sid=""172"" ssid=""63"">As one can see in Figure 2, a firstorder Markov grammar (with all the aforementioned improvements) performs slightly worse than the equivalent tree-bank-grammar parser.</S>",
4,A00-2018,W06-3119,0,"Charniak, 2000",0,"We then use Charniak? s parser (Charniak, 2000) to generate the most likely parse tree for each English target sentence in the training corpus","We then use Charniak's parser (Charniak, 2000) to generate the most likely parse tree for each English target sentence in the training corpus","'91','47','17','9'","<S sid=""91"" ssid=""2"">As the generative model is top-down and we use a standard bottom-up best-first probabilistic chart parser [2,7], we use the chart parser as a first pass to generate candidate possible parses to be evaluated in the second pass by our probabilistic model.</S><S sid=""47"" ssid=""16"">The intuitive idea is that each factor gi is larger than one if the feature in question makes the probability more likely, one if the feature has no effect, and smaller than one if it makes the probability less likely.</S><S sid=""17"" ssid=""6"">In Section 5 we present some results in which the possible expansions of a constituent are fixed in advanced by extracting a tree-bank grammar [3] from the training corpus.</S><S sid=""9"" ssid=""5"">The author would like to thank Mark Johnson and all the rest of the Brown Laboratory for Linguistic Information Processing. is s. Then for any s the parser returns the parse ir that maximizes this probability.</S>",
5,A00-2018,N03-2024,0,"Charniak, 2000",0,"We were interested in the occurrence of features such as type and number of premodifiers, presence and type of post modifiers, and form of name reference for people. We constructed a large, automatically annotated corpus by merging the output of Charniak? s statistical parser (Charniak, 2000) with that of the IBM named entity recognition system Nominator (Wacholder et al,1997)","We were interested in the occurrence of features such as type and number of premodifiers, presence and type of post modifiers, and form of name reference for people. We constructed a large, automatically annotated corpus by merging the output of Charniak's statistical parser (Charniak, 2000) with that of the IBM named entity recognition system Nominator (Wacholder et al,1997)","'40','74','16','15'","<S sid=""40"" ssid=""9"">In the parser we further assume that features are chosen from certain feature schemata and that every feature is a boolean conjunction of sub-features.</S><S sid=""74"" ssid=""43"">Suppose we were, in fact, going to compute a true maximum entropy model based upon the features used in Equation 7, Ii (t,1), f2(t,1,1p), f3(t,1,lp) .</S><S sid=""16"" ssid=""5"">In this notation the above equation takes the following form: Next we describe how we assign a probability to the expansion e of a constituent.</S><S sid=""15"" ssid=""4"">Whenever it is clear to which constituent we are referring we omit the (c) in, e.g., h(c).</S>",
6,A00-2018,N06-1039,0,"Charniak, 2000",0,"After getting a set of basic clusters, we pass them to an existing statistical parser (Charniak, 2000) and rule-based tree normalizer to obtain a GLARFstructure for each sentence in every article","After getting a set of basic clusters, we pass them to an existing statistical parser (Charniak, 2000) and rule-based tree normalizer to obtain a GLARF structure for each sentence in every article","'91','92','123','149'","<S sid=""91"" ssid=""2"">As the generative model is top-down and we use a standard bottom-up best-first probabilistic chart parser [2,7], we use the chart parser as a first pass to generate candidate possible parses to be evaluated in the second pass by our probabilistic model.</S><S sid=""92"" ssid=""3"">For runs with the generative model based upon Markov grammar statistics, the first pass uses the same statistics, but conditioned only on standard PCFG information.</S><S sid=""123"" ssid=""14"">To avoid repeated evaluations based upon the testing corpus, here our evaluation is based upon sentences of length &lt; 40 from the development corpus.</S><S sid=""149"" ssid=""40"">For example, the tree-bank PCFG probability of the rule &amp;quot;VP --+ vbg np&amp;quot; is 0.0145, whereas once we condition on the fact that the lexical head is a vbg we get a probability of 0.214.</S>",
7,A00-2018,C04-1180,0,2000,0,"The levels of accuracy and robustness recently achieved by statistical parsers (e.g. Collins (1999), Charniak (2000)) have led to their use in a number of NLP applications, such as question-answering (Pasca and Harabagiu, 2001), machine translation (Charniak et al, 2003), sentence simplification (Carroll et al, 1999), and a linguist? s search engine (Resnik and Elkiss, 2003)","The levels of accuracy and robustness recently achieved by statistical parsers (e.g. Collins (1999), Charniak (2000)) have led to their use in a number of NLP applications, such as question-answering (Pasca and Harabagiu, 2001), machine translation (Charniak et al, 2003), sentence simplification (Carroll et al, 1999), and a linguist? s search engine (Resnik and Elkiss, 2003)","'178','162','176','103'","<S sid=""178"" ssid=""5"">The results of [13] achieved by combining the aforementioned three-best parsers also suggest that the limit on tree-bank trained parsers is much higher than previously thought.</S><S sid=""162"" ssid=""53"">Given we are already at the 88% level of accuracy, we judge a 0.6% improvement to be very much worth while.</S><S sid=""176"" ssid=""3"">That the previous three best parsers on this test [5,9,17] all perform within a percentage point of each other, despite quite different basic mechanisms, led some researchers to wonder if there might be some maximum level of parsing performance that could be obtained using the treebank for training, and to conjecture that perhaps we were at it.</S><S sid=""103"" ssid=""14"">In particular, we measure labeled precision (LP) and recall (LR), average number of crossbrackets per sentence (CB), percentage of sentences with zero cross brackets (OCB), and percentage of sentences with &lt; 2 cross brackets (2CB).</S>",
8,A00-2018,W05-0638,0,"Charniak, 2000",0,"In CoNLL-2005, full parsing trees are provided by two full parsers: the Collins parser (Collins, 1999) and the Charniak parser (Charniak, 2000)","In CoNLL-2005, full parsing trees are provided by two full parsers: the Collins parser (Collins, 1999) and the Charniak parser (Charniak, 2000)","'117','91','1','5'","<S sid=""117"" ssid=""8"">Also, the earlier parser uses two techniques not employed in the current parser.</S><S sid=""91"" ssid=""2"">As the generative model is top-down and we use a standard bottom-up best-first probabilistic chart parser [2,7], we use the chart parser as a first pass to generate candidate possible parses to be evaluated in the second pass by our probabilistic model.</S><S sid=""1"" ssid=""1"">We present a new parser for parsing down to Penn tree-bank style parse trees that achieves 90.1% average precision/recall for sentences of 40 and less, and for of length 100 and less when trained and tested on the previously established [5,9,10,15,17] &amp;quot;standard&amp;quot; sections of the Wall Street Journal treebank.</S><S sid=""5"" ssid=""1"">We present a new parser for parsing down to Penn tree-bank style parse trees [16] that achieves 90.1% average precision/recall for sentences of length &lt; 40, and 89.5% for sentences of length &lt; 100, when trained and tested on the previously established [5,9,10,15,17] &amp;quot;standard&amp;quot; sections of the Wall Street Journal tree-bank.</S>",
9,A00-2018,P05-1065,0,"Charniak, 2000",0,"We also use a standard statistical parser (Charniak, 2000) to provide syntactic analysis","We also use a standard statistical parser (Charniak, 2000) to provide syntactic analysis","'91','88','30','90'","<S sid=""91"" ssid=""2"">As the generative model is top-down and we use a standard bottom-up best-first probabilistic chart parser [2,7], we use the chart parser as a first pass to generate candidate possible parses to be evaluated in the second pass by our probabilistic model.</S><S sid=""88"" ssid=""57"">While we could have smoothed in the same fashion, we choose instead to use standard deleted interpolation.</S><S sid=""30"" ssid=""19"">Thus we would use p(L2 I L1, M, 1, t, h, H).</S><S sid=""90"" ssid=""1"">We created a parser based upon the maximumentropy-inspired model of the last section, smoothed using standard deleted interpolation.</S>",
10,A00-2018,P05-1065,0,"Charniak, 2000",0,"For each article, we calculated the per cent age of a) all word instances (tokens) and b) all unique words (types) not on these lists, resulting in three token OOV rate features and three type OOV rate features per article. The parse features are generated using the Charniak parser (Charniak, 2000) trained on the standard Wall Street Journal Treebank corpus","For each article, we calculated the percentage of a) all word instances (tokens) and b) all unique words (types) not on these lists, resulting in three token OOV rate features and three type OOV rate features per article. The parse features are generated using the Charniak parser (Charniak, 2000) trained on the standard Wall Street Journal Treebank corpus","'1','5','101','95'","<S sid=""1"" ssid=""1"">We present a new parser for parsing down to Penn tree-bank style parse trees that achieves 90.1% average precision/recall for sentences of 40 and less, and for of length 100 and less when trained and tested on the previously established [5,9,10,15,17] &amp;quot;standard&amp;quot; sections of the Wall Street Journal treebank.</S><S sid=""5"" ssid=""1"">We present a new parser for parsing down to Penn tree-bank style parse trees [16] that achieves 90.1% average precision/recall for sentences of length &lt; 40, and 89.5% for sentences of length &lt; 100, when trained and tested on the previously established [5,9,10,15,17] &amp;quot;standard&amp;quot; sections of the Wall Street Journal tree-bank.</S><S sid=""101"" ssid=""12"">In keeping with the standard methodology [5, 9,10,15,17], we used the Penn Wall Street Journal tree-bank [16] with sections 2-21 for training, section 23 for testing, and section 24 for development (debugging and tuning).</S><S sid=""95"" ssid=""6"">We guess the preterminals of words that are not observed in the training data using statistics on capitalization, hyphenation, word endings (the last two letters), and the probability that a given pre-terminal is realized using a previously unobserved word.</S>",
11,A00-2018,P04-1040,0,2000,0,"The evaluation of the transformed output of the parsers of Charniak (2000) and Collins (1999) gives 90 %unlabelled and 84 %labelled accuracy with respect to dependencies, when measured against a dependency corpus derived from the Penn Treebank.The paper is organized as follows","The evaluation of the transformed output of the parsers of Charniak (2000) and Collins (1999) gives 90 % unlabelled and 84 % labelled accuracy with respect to dependencies, when measured against a dependency corpus derived from the Penn Treebank. The paper is organized as follows","'102','123','1','5'","<S sid=""102"" ssid=""13"">Performance on the test corpus is measured using the standard measures from [5,9,10,17].</S><S sid=""123"" ssid=""14"">To avoid repeated evaluations based upon the testing corpus, here our evaluation is based upon sentences of length &lt; 40 from the development corpus.</S><S sid=""1"" ssid=""1"">We present a new parser for parsing down to Penn tree-bank style parse trees that achieves 90.1% average precision/recall for sentences of 40 and less, and for of length 100 and less when trained and tested on the previously established [5,9,10,15,17] &amp;quot;standard&amp;quot; sections of the Wall Street Journal treebank.</S><S sid=""5"" ssid=""1"">We present a new parser for parsing down to Penn tree-bank style parse trees [16] that achieves 90.1% average precision/recall for sentences of length &lt; 40, and 89.5% for sentences of length &lt; 100, when trained and tested on the previously established [5,9,10,15,17] &amp;quot;standard&amp;quot; sections of the Wall Street Journal tree-bank.</S>",
12,A00-2018,P04-1040,0,2000,0,"Blaheta and Charniak (2000) presented the first method for assigning Pennfunctional tags to constituents identified by a parser. Pattern-matching approaches were used in (John son, 2002) and (Jijkoun, 2003) to recover non-local dependencies in phrase trees","Blaheta and Charniak (2000) presented the first method for assigning Penn functional tags to constituents identified by a parser. Pattern-matching approaches were used in (Johnson, 2002) and (Jijkoun, 2003) to recover non-local dependencies in phrase trees","'18','34','158','1'","<S sid=""18"" ssid=""7"">The method that gives the best results, however, uses a Markov grammar &#8212; a method for assigning probabilities to any possible expansion using statistics gathered from the training corpus [6,10,15].</S><S sid=""34"" ssid=""3"">Also, remember that H is a pla,ceholder for any other information beyond the constituent c that may be useful in assigning c a probability.</S><S sid=""158"" ssid=""49"">A vp coordinate structure is defined here as a constituent with two or more vp children, one or more of the constituents comma, cc, conjp (conjunctive phrase), and nothing else; coordinate np phrases are defined similarly.</S><S sid=""1"" ssid=""1"">We present a new parser for parsing down to Penn tree-bank style parse trees that achieves 90.1% average precision/recall for sentences of 40 and less, and for of length 100 and less when trained and tested on the previously established [5,9,10,15,17] &amp;quot;standard&amp;quot; sections of the Wall Street Journal treebank.</S>",
13,A00-2018,P04-1040,0,2000,0,"As an alternative to hard coded heuristics, Blaheta and Charniak (2000) proposed to recover the Penn functional tags automatically","As an alternative to hard coded heuristics, Blaheta and Charniak (2000) proposed to recover the Penn functional tags automatically","'155','23','1','5'","<S sid=""155"" ssid=""46"">For example, in the Penn Treebank a vp with both main and auxiliary verbs has the structure shown in Figure 3.</S><S sid=""23"" ssid=""12"">For each expansion we distinguish one of the right-hand side labels as the &amp;quot;middle&amp;quot; or &amp;quot;head&amp;quot; symbol M(c).</S><S sid=""1"" ssid=""1"">We present a new parser for parsing down to Penn tree-bank style parse trees that achieves 90.1% average precision/recall for sentences of 40 and less, and for of length 100 and less when trained and tested on the previously established [5,9,10,15,17] &amp;quot;standard&amp;quot; sections of the Wall Street Journal treebank.</S><S sid=""5"" ssid=""1"">We present a new parser for parsing down to Penn tree-bank style parse trees [16] that achieves 90.1% average precision/recall for sentences of length &lt; 40, and 89.5% for sentences of length &lt; 100, when trained and tested on the previously established [5,9,10,15,17] &amp;quot;standard&amp;quot; sections of the Wall Street Journal tree-bank.</S>",
17,A00-2018,N06-1022,0,2000,0,"The parser of Charniak (2000) is also a two-stage ctf model, where the first stage is a smoothed Markov grammar (it uses up to three previous constituents as context), and the second stage is a lexicalized Markov grammar with extra annotations about parents and grandparents","The parser of Charniak (2000) is also a two-stage ctf model, where the first stage is a smoothed Markov grammar (it uses up to three previous constituents as context), and the second stage is a lexicalized Markov grammar with extra annotations about parents and grandparents","'171','98','129','92'","<S sid=""171"" ssid=""62"">As already noted, our best model uses a Markov-grammar approach.</S><S sid=""98"" ssid=""9"">L and R are conditioned on three previous labels so we are using a third-order Markov grammar.</S><S sid=""129"" ssid=""20"">It makes no use of special maximum-entropyinspired features (though their presence made it much easier to perform these experiments), it does not guess the pre-terminal before guessing the lexical head, and it uses a tree-bank grammar rather than a Markov grammar.</S><S sid=""92"" ssid=""3"">For runs with the generative model based upon Markov grammar statistics, the first pass uses the same statistics, but conditioned only on standard PCFG information.</S>",
18,A00-2018,N06-1022,0,2000,0,"Most recently, McDonald et al (2005) have implemented a dependency parser with good accuracy (it is almost as good at dependency parsing as Charniak (2000)) and very impressive speed (it is about ten times faster than Collins (1997) and four times faster than Charniak (2000))","Most recently, McDonald et al (2005) have implemented a dependency parser with good accuracy (it is almost as good at dependency parsing as Charniak (2000)) and very impressive speed (it is about ten times faster than Collins (1997) and four times faster than Charniak (2000))","'144','162','119','81'","<S sid=""144"" ssid=""35"">This quantity is a relatively intuitive one (as, for example, it is the quantity used in a PCFG to relate words to their pre-terminals) and it seems particularly good to condition upon here since we use it, in effect, as the unsmoothed probability upon which all smoothing of p(h) is based.</S><S sid=""162"" ssid=""53"">Given we are already at the 88% level of accuracy, we judge a 0.6% improvement to be very much worth while.</S><S sid=""119"" ssid=""10"">(It is &amp;quot;soft&amp;quot; clustering in that a word can belong to more than one cluster with different weights - the weights express the probability of producing the word given that one is going to produce a word from that cluster.)</S><S sid=""81"" ssid=""50"">Now we observe that if we were to use a maximum-entropy approach but run iterative scaling zero times, we would, in fact, just have Equation 7.</S>",
19,A00-2018,H05-1035,0,"Charniak, 2000",0,"The feature set contains complex information extracted automatically from candidate syntax trees generated by parsing (Charniak, 2000), trees that will be improved by more accurate PP-attachment decisions","The feature set contains complex information extracted automatically from candidate syntax trees generated by parsing (Charniak, 2000), trees that will be improved by more accurate PP-attachment decisions","'152','1','5','44'","<S sid=""152"" ssid=""43"">So, for example, information about an np is conditioned on the parent &#8212; e.g., an s, vp, pp, etc.</S><S sid=""1"" ssid=""1"">We present a new parser for parsing down to Penn tree-bank style parse trees that achieves 90.1% average precision/recall for sentences of 40 and less, and for of length 100 and less when trained and tested on the previously established [5,9,10,15,17] &amp;quot;standard&amp;quot; sections of the Wall Street Journal treebank.</S><S sid=""5"" ssid=""1"">We present a new parser for parsing down to Penn tree-bank style parse trees [16] that achieves 90.1% average precision/recall for sentences of length &lt; 40, and 89.5% for sentences of length &lt; 100, when trained and tested on the previously established [5,9,10,15,17] &amp;quot;standard&amp;quot; sections of the Wall Street Journal tree-bank.</S><S sid=""44"" ssid=""13"">Now consider computing a conditional probability p(a H) with a set of features h that connect a to the history H. In a log-linear model the probability function takes the following form: Here the Ai are weights between negative and positive infinity that indicate the relative importance of a feature: the more relevant the feature to the value of the probability, the higher the absolute value of the associated A.</S>",
20,A00-2018,P04-1042,0,2000,0,"Note that the dependency figures of Dienes lag behind even the parsed results for Johnson? s model; this may well be due to the fact that Dienes built his model as an extension of Collins (1999), which lags behind Charniak (2000) by about 1.3-1.5% .Manual investigation of errors on English gold standard data revealed two major issues that suggest further potential for improvement in performance without further increase in algorithmic complexity or training set size","Note that the dependency figures of Dienes lag behind even the parsed results for Johnson's model; this may well be due to the fact that Dienes built his model as an extension of Collins (1999), which lags behind Charniak (2000) by about 1.3-1.5%. Manual investigation of errors on English gold standard data revealed two major issues that suggest further potential for improvement in performance without further increase in algorithmic complexity or training set size","'107','17','106','174'","<S sid=""107"" ssid=""18"">The results for the new parser as well as for the previous top-three individual parsers on this corpus are given in Figure 1.</S><S sid=""17"" ssid=""6"">In Section 5 we present some results in which the possible expansions of a constituent are fixed in advanced by extracting a tree-bank grammar [3] from the training corpus.</S><S sid=""106"" ssid=""17"">As noted in [5], these definitions typically give results about 0.4% higher than the more obvious ones.</S><S sid=""174"" ssid=""1"">We have presented a lexicalized Markov grammar parsing model that achieves (using the now standard training/testing/development sections of the Penn treebank) an average precision/recall of 91.1% on sentences of length &lt; 40 and 89.5% on sentences of length &lt; 100.</S>",
