Citance Number,Reference Article,Citing Article,Citation Marker Offset,Citation Marker,Citation Offset,Citation Text,Citation Text Clean,Reference Offset,Reference Text,Discourse Facet
1,P11-1061,P11-1144,0,2011,0,Subramanya et al? s model was extended by Das and Petrov (2011) to induce part-of-speech dictionaries for unsupervised learning of taggers,Subramanya et al's model was extended by Das and Petrov (2011) to induce part-of-speech dictionaries for unsupervised learning of taggers,"'0','18','6','40'","<S sid=""0"">Unsupervised Part-of-Speech Tagging with Bilingual Graph-Based Projections</S><S sid=""18"" ssid=""14"">To make the projection practical, we rely on the twelve universal part-of-speech tags of Petrov et al. (2011).</S><S sid=""6"" ssid=""2"">Supervised part-of-speech (POS) taggers, for example, approach the level of inter-annotator agreement (Shen et al., 2007, 97.3% accuracy for English).</S><S sid=""40"" ssid=""6"">We extend Subramanya et al.&#8217;s intuitions to our bilingual setup.</S>",
3,P11-1061,P14-1126,0,2011,0,"Fortunately, some recently proposed POS taggers, such as the POStagger of Das and Petrov (2011), rely only on labeled training data for English and the same kind of parallel text in our approach","Fortunately, some recently proposed POS taggers, such as the POS tagger of Das and Petrov (2011), rely only on labeled training data for English and the same kind of parallel text in our approach","'24','1','18','6'","<S sid=""24"" ssid=""1"">The focus of this work is on building POS taggers for foreign languages, assuming that we have an English POS tagger and some parallel text between the two languages.</S><S sid=""1"" ssid=""1"">We describe a novel approach for inducing unsupervised part-of-speech taggers for languages that have no labeled training data, but have translated text in a resource-rich language.</S><S sid=""18"" ssid=""14"">To make the projection practical, we rely on the twelve universal part-of-speech tags of Petrov et al. (2011).</S><S sid=""6"" ssid=""2"">Supervised part-of-speech (POS) taggers, for example, approach the level of inter-annotator agreement (Shen et al., 2007, 97.3% accuracy for English).</S>",
4,P11-1061,N12-1086,0,"Das and Petrov, 2011",0,"Applications have ranged from domain adaptation of part-of-speech (POS) taggers (Subramanya et al, 2010), unsupervised learning ofPOS taggers by using bilingual graph-based projections (Das and Petrov, 2011), and shallow semantic parsing for unknown predicates (Das and Smith,2011)","Applications have ranged from domain adaptation of part-of-speech (POS) taggers (Subramanya et al, 2010), unsupervised learning of POS taggers by using bilingual graph-based projections (Das and Petrov, 2011), and shallow semantic parsing for unknown predicates (Das and Smith,2011)","'0','6','18','158'","<S sid=""0"">Unsupervised Part-of-Speech Tagging with Bilingual Graph-Based Projections</S><S sid=""6"" ssid=""2"">Supervised part-of-speech (POS) taggers, for example, approach the level of inter-annotator agreement (Shen et al., 2007, 97.3% accuracy for English).</S><S sid=""18"" ssid=""14"">To make the projection practical, we rely on the twelve universal part-of-speech tags of Petrov et al. (2011).</S><S sid=""158"" ssid=""1"">We have shown the efficacy of graph-based label propagation for projecting part-of-speech information across languages.</S>",
5,P11-1061,N12-1086,0,2011,0,"Following Das and Petrov (2011) and Subramanya et al (2010), a similarity score between two trigram types was computed by measuring the cosine similarity between their empirical sentential context statistics","Following Das and Petrov (2011) and Subramanya et al (2010), a similarity score between two trigram types was computed by measuring the cosine similarity between their empirical sentential context statistics","'47','52','37','51'","<S sid=""47"" ssid=""13"">Our monolingual similarity function (for connecting pairs of foreign trigram types) is the same as the one used by Subramanya et al. (2010).</S><S sid=""52"" ssid=""18"">This is similar to stacking the different feature instantiations into long (sparse) vectors and computing the cosine similarity between them.</S><S sid=""37"" ssid=""3"">Altun et al. (2005) proposed a technique that uses graph based similarity between labeled and unlabeled parts of structured data in a discriminative framework for semi-supervised learning.</S><S sid=""51"" ssid=""17"">For each trigram type x2 x3 x4 in a sequence x1 x2 x3 x4 x5, we count how many times that trigram type co-occurs with the different instantiations of each concept, and compute the point-wise mutual information (PMI) between the two.5 The similarity between two trigram types is given by summing over the PMI values over feature instantiations that they have in common.</S>",
6,P11-1061,N12-1086,0,"Das and Petrov, 2011",0,"Sparsity is desirable in settings where labeled development data for tuning thresholds that select the most probable labels for a given type is unavailable (e.g., Das and Petrov, 2011)","Sparsity is desirable in settings where labeled development data for tuning thresholds that select the most probable labels for a given type is unavailable (e.g., Das and Petrov, 2011)","'134','13','83','97'","<S sid=""134"" ssid=""34"">Because we don&#8217;t have a separate development set, we used the training set to select among them and found 0.2 to work slightly better than 0.1 and 0.3.</S><S sid=""13"" ssid=""9"">(2009) study related but different multilingual grammar and tagger induction tasks, where it is assumed that no labeled data at all is available.</S><S sid=""83"" ssid=""14"">We then extract a set of possible tags tx(y) by eliminating labels whose probability is below a threshold value &#964;: We describe how we choose &#964; in &#167;6.4.</S><S sid=""97"" ssid=""28"">This formulation of the constraint feature is equivalent to the use of a tagging dictionary extracted from the graph using a threshold T on the posterior distribution of tags for a given word type (Eq.</S>",
7,P11-1061,N12-1052,0,2011,0,"Specifically, by replacing fine-grained language specific part-of-speech tags with universal part-of-speech tags, generated with the method described by Das and Petrov (2011), a universal parser is achieved that can be applied to any language for which universal part-of-speech tags are available. Below, we extend this approach to universal parsing by adding cross-lingual word cluster features","Specifically, by replacing fine-grained language specific part-of-speech tags with universal part-of-speech tags, generated with the method described by Das and Petrov (2011), a universal parser is achieved that can be applied to any language for which universal part-of-speech tags are available. Below, we extend this approach to universal parsing by adding cross-lingual word cluster features","'113','18','0','1'","<S sid=""113"" ssid=""13"">For each language under consideration, Petrov et al. (2011) provide a mapping A from the fine-grained language specific POS tags in the foreign treebank to the universal POS tags.</S><S sid=""18"" ssid=""14"">To make the projection practical, we rely on the twelve universal part-of-speech tags of Petrov et al. (2011).</S><S sid=""0"">Unsupervised Part-of-Speech Tagging with Bilingual Graph-Based Projections</S><S sid=""1"" ssid=""1"">We describe a novel approach for inducing unsupervised part-of-speech taggers for languages that have no labeled training data, but have translated text in a resource-rich language.</S>",
8,P11-1061,N12-1052,0,2011,0,"We study the impact of using cross-lingual cluster features by comparing the strong delexicalized baseline model of McDonald et al (2011), which only has features derived from universal part-of-speech tags, projected from English with the method of Das and Petrov (2011), to the same model when adding features derived from cross-lingual clusters","We study the impact of using cross-lingual cluster features by comparing the strong delexicalized baseline model of McDonald et al (2011), which only has features derived from universal part-of-speech tags, projected from English with the method of Das and Petrov (2011), to the same model when adding features derived from cross-lingual clusters","'18','3','113','17'","<S sid=""18"" ssid=""14"">To make the projection practical, we rely on the twelve universal part-of-speech tags of Petrov et al. (2011).</S><S sid=""3"" ssid=""3"">We use graph-based label propagation for cross-lingual knowledge transfer and use the projected labels as features in an unsupervised model (Berg- Kirkpatrick et al., 2010).</S><S sid=""113"" ssid=""13"">For each language under consideration, Petrov et al. (2011) provide a mapping A from the fine-grained language specific POS tags in the foreign treebank to the universal POS tags.</S><S sid=""17"" ssid=""13"">Second, we treat the projected labels as features in an unsupervised model (&#167;5), rather than using them directly for supervised training.</S>",
9,P11-1061,N12-1090,0,"Das and Petrov, (2011)",0,"MT-based projection has been applied to various NLP tasks, such as part of-speech tagging (e.g., Das and Petrov (2011)), mention detection (e.g., Zitouni and Florian (2008)), and sentiment analysis (e.g., Mihalcea et al (2007)) .There have been two initial attempts to apply projection to create co reference-annotated data for aresource-poor language, both of which involve projecting hand-annotated co reference data from English to Romanian via a parallel corpus","MT-based projection has been applied to various NLP tasks, such as part of-speech tagging (e.g., Das and Petrov (2011)), mention detection (e.g., Zitouni and Florian (2008)), and sentiment analysis (e.g., Mihalcea et al (2007))","'0','18','6','104'","<S sid=""0"">Unsupervised Part-of-Speech Tagging with Bilingual Graph-Based Projections</S><S sid=""18"" ssid=""14"">To make the projection practical, we rely on the twelve universal part-of-speech tags of Petrov et al. (2011).</S><S sid=""6"" ssid=""2"">Supervised part-of-speech (POS) taggers, for example, approach the level of inter-annotator agreement (Shen et al., 2007, 97.3% accuracy for English).</S><S sid=""104"" ssid=""4"">For monolingual treebank data we relied on the CoNLL-X and CoNLL-2007 shared tasks on dependency parsing (Buchholz and Marsi, 2006; Nivre et al., 2007).</S>",
10,P11-1061,W11-2205,0,2011,0,"For example, the multilingual PoS induction approach of Das and Petrov (2011) assumes no supervision for the language whose PoS tags are being 35 induced, but it assumes access to a labeled dataset of a different language. We begin by surveying recent work on unsupervised PoS tagging, focusing on the issue of evaluation (Section 2)","For example, the multilingual PoS induction approach of Das and Petrov (2011) assumes no supervision for the language whose PoS tags are being 35 induced, but it assumes access to a labeled dataset of a different language. We begin by surveying recent work on unsupervised PoS tagging, focusing on the issue of evaluation (Section 2)","'1','13','10','21'","<S sid=""1"" ssid=""1"">We describe a novel approach for inducing unsupervised part-of-speech taggers for languages that have no labeled training data, but have translated text in a resource-rich language.</S><S sid=""13"" ssid=""9"">(2009) study related but different multilingual grammar and tagger induction tasks, where it is assumed that no labeled data at all is available.</S><S sid=""10"" ssid=""6"">To bridge this gap, we consider a practically motivated scenario, in which we want to leverage existing resources from a resource-rich language (like English) when building tools for resource-poor foreign languages.1 We assume that absolutely no labeled training data is available for the foreign language of interest, but that we have access to parallel data with a resource-rich language.</S><S sid=""21"" ssid=""17"">These universal POS categories not only facilitate the transfer of POS information from one language to another, but also relieve us from using controversial evaluation metrics,2 by establishing a direct correspondence between the induced hidden states in the foreign language and the observed English labels.</S>",
11,P11-1061,P13-1155,0,"Das and Petrov, 2011",0,"(Das and Petrov, 2011) used graph-based label propagation for cross-lingual knowledge transfers to induce POS tags between two languages","(Das and Petrov, 2011) used graph-based label propagation for cross-lingual knowledge transfers to induce POS tags between two languages","'3','158','0','124'","<S sid=""3"" ssid=""3"">We use graph-based label propagation for cross-lingual knowledge transfer and use the projected labels as features in an unsupervised model (Berg- Kirkpatrick et al., 2010).</S><S sid=""158"" ssid=""1"">We have shown the efficacy of graph-based label propagation for projecting part-of-speech information across languages.</S><S sid=""0"">Unsupervised Part-of-Speech Tagging with Bilingual Graph-Based Projections</S><S sid=""124"" ssid=""24"">We tried two versions of our graph-based approach: feature after the first stage of label propagation (Eq.</S>",
12,P11-1061,D12-1127,0,2011,0,Recent work by Das and Petrov (2011 )buildsa dictionary for a particular language by transfer ring annotated data from a resource-rich language through the use of word alignments in parallel text,Recent work by Das and Petrov (2011 ) builds a dictionary for a particular language by transferring annotated data from a resource-rich language through the use of word alignments in parallel text,"'10','160','1','2'","<S sid=""10"" ssid=""6"">To bridge this gap, we consider a practically motivated scenario, in which we want to leverage existing resources from a resource-rich language (like English) when building tools for resource-poor foreign languages.1 We assume that absolutely no labeled training data is available for the foreign language of interest, but that we have access to parallel data with a resource-rich language.</S><S sid=""160"" ssid=""3"">Our results suggest that it is possible to learn accurate POS taggers for languages which do not have any annotated data, but have translations into a resource-rich language.</S><S sid=""1"" ssid=""1"">We describe a novel approach for inducing unsupervised part-of-speech taggers for languages that have no labeled training data, but have translated text in a resource-rich language.</S><S sid=""2"" ssid=""2"">Our method does not assume any knowledge about the target language (in particular no tagging dictionary is assumed), making it applicable to a wide array of resource-poor languages.</S>",
13,P11-1061,D12-1127,0,"Das and Petrov, 2011",0,"Theseapproaches build a dictionary by transferring labeled data from a resource rich language (English) to a re source poor language (Das and Petrov, 2011)","These approaches build a dictionary by transferring labeled data from a resource rich language (English) to a resource poor language (Das and Petrov, 2011)","'10','1','160','2'","<S sid=""10"" ssid=""6"">To bridge this gap, we consider a practically motivated scenario, in which we want to leverage existing resources from a resource-rich language (like English) when building tools for resource-poor foreign languages.1 We assume that absolutely no labeled training data is available for the foreign language of interest, but that we have access to parallel data with a resource-rich language.</S><S sid=""1"" ssid=""1"">We describe a novel approach for inducing unsupervised part-of-speech taggers for languages that have no labeled training data, but have translated text in a resource-rich language.</S><S sid=""160"" ssid=""3"">Our results suggest that it is possible to learn accurate POS taggers for languages which do not have any annotated data, but have translations into a resource-rich language.</S><S sid=""2"" ssid=""2"">Our method does not assume any knowledge about the target language (in particular no tagging dictionary is assumed), making it applicable to a wide array of resource-poor languages.</S>",
14,P11-1061,P12-3012,0,"Das and Petrov, 2011",0,"In recent years research in Natural Language Processing (NLP) has been steadily moving towards multilingual processing: the availability of ever growing amounts of text in different languages ,infact, has been a major driving force behind research on multilingual approaches, from morphosyntactic (Das and Petrov, 2011) and syntactico semantic (Peirsman and Pado?, 2010) phenomena to high-end tasks like textual entailment (Mehdad et al., 2011) and sentiment analysis (Lu et al, 2011)","In recent years research in Natural Language Processing (NLP) has been steadily moving towards multilingual processing: the availability of ever growing amounts of text in different languages, in fact, has been a major driving force behind research on multilingual approaches, from morphosyntactic (Das and Petrov, 2011) and syntactico semantic (Peirsman and Pado?, 2010) phenomena to high-end tasks like textual entailment (Mehdad et al., 2011) and sentiment analysis (Lu et al, 2011)","'19','11','5','13'","<S sid=""19"" ssid=""15"">Syntactic universals are a well studied concept in linguistics (Carnie, 2002; Newmeyer, 2005), and were recently used in similar form by Naseem et al. (2010) for multilingual grammar induction.</S><S sid=""11"" ssid=""7"">This scenario is applicable to a large set of languages and has been considered by a number of authors in the past (Alshawi et al., 2000; Xi and Hwa, 2005; Ganchev et al., 2009).</S><S sid=""5"" ssid=""1"">Supervised learning approaches have advanced the state-of-the-art on a variety of tasks in natural language processing, resulting in highly accurate systems.</S><S sid=""13"" ssid=""9"">(2009) study related but different multilingual grammar and tagger induction tasks, where it is assumed that no labeled data at all is available.</S>",
15,P11-1061,D11-1006,0,2011,0,"Furthermore, we evaluate with both gold-standard part-of-speech tags, as well as predicted part-of speech tags from the projected part-of-speech tagger of Das and Petrov (2011) .2 This tagger relies only onlabeled training data for English, and achieves accuracies around 85% on the languages that we con sider","Furthermore, we evaluate with both gold-standard part-of-speech tags, as well as predicted part-of speech tags from the projected part-of-speech tagger of Das and Petrov (2011). This tagger relies only on labeled training data for English, and achieves accuracies around 85% on the languages that we consider","'18','0','112','1'","<S sid=""18"" ssid=""14"">To make the projection practical, we rely on the twelve universal part-of-speech tags of Petrov et al. (2011).</S><S sid=""0"">Unsupervised Part-of-Speech Tagging with Bilingual Graph-Based Projections</S><S sid=""112"" ssid=""12"">While there might be some controversy about the exact definition of such a tagset, these 12 categories cover the most frequent part-of-speech and exist in one form or another in all of the languages that we studied.</S><S sid=""1"" ssid=""1"">We describe a novel approach for inducing unsupervised part-of-speech taggers for languages that have no labeled training data, but have translated text in a resource-rich language.</S>",
16,P11-1061,D11-1006,0,2011,0,"In the first, we assumed that the test set for each target language had gold part-of-speech tags, and in the second we used predicted part-of-speech tags from the projection tagger of Das and Petrov (2011), which also uses English as the source language","In the first, we assumed that the test set for each target language had gold part-of-speech tags, and in the second we used predicted part-of-speech tags from the projection tagger of Das and Petrov (2011), which also uses English as the source language","'18','0','70','6'","<S sid=""18"" ssid=""14"">To make the projection practical, we rely on the twelve universal part-of-speech tags of Petrov et al. (2011).</S><S sid=""0"">Unsupervised Part-of-Speech Tagging with Bilingual Graph-Based Projections</S><S sid=""70"" ssid=""1"">Given the bilingual graph described in the previous section, we can use label propagation to project the English POS labels to the foreign language.</S><S sid=""6"" ssid=""2"">Supervised part-of-speech (POS) taggers, for example, approach the level of inter-annotator agreement (Shen et al., 2007, 97.3% accuracy for English).</S>",
17,P11-1061,P13-2112,0,2011,0,"This parallel data can be exploited to bridge languages, and in particular, transfer information from a highly-resourced language to a lesser-resourced language, to build unsupervised POS taggers. In this paper, we propose an unsupervised approach to POS tagging in a similar vein to the work of Das and Petrov (2011)","This parallel data can be exploited to bridge languages, and in particular, transfer information from a highly-resourced language to a lesser-resourced language, to build unsupervised POS taggers. In this paper, we propose an unsupervised approach to POS tagging in a similar vein to the work of Das and Petrov (2011)","'1','0','24','160'","<S sid=""1"" ssid=""1"">We describe a novel approach for inducing unsupervised part-of-speech taggers for languages that have no labeled training data, but have translated text in a resource-rich language.</S><S sid=""0"">Unsupervised Part-of-Speech Tagging with Bilingual Graph-Based Projections</S><S sid=""24"" ssid=""1"">The focus of this work is on building POS taggers for foreign languages, assuming that we have an English POS tagger and some parallel text between the two languages.</S><S sid=""160"" ssid=""3"">Our results suggest that it is possible to learn accurate POS taggers for languages which do not have any annotated data, but have translations into a resource-rich language.</S>",
18,P11-1061,P13-2112,0,2011,0,Das and Petrov (2011) achieved the current state-of-the-art for unsupervised tagging by exploiting high confidence alignments to copy tags from the source language to the target language,Das and Petrov (2011) achieved the current state-of-the-art for unsupervised tagging by exploiting high confidence alignments to copy tags from the source language to the target language,"'5','56','156','57'","<S sid=""5"" ssid=""1"">Supervised learning approaches have advanced the state-of-the-art on a variety of tasks in natural language processing, resulting in highly accurate systems.</S><S sid=""56"" ssid=""22"">To define a similarity function between the English and the foreign vertices, we rely on high-confidence word alignments.</S><S sid=""156"" ssid=""19"">As Figure 1 shows, this word has no high-confidence alignment in the Italian-English bitext.</S><S sid=""57"" ssid=""23"">Since our graph is built from a parallel corpus, we can use standard word alignment techniques to align the English sentences De 5Note that many combinations are impossible giving a PMI value of 0; e.g., when the trigram type and the feature instantiation don&#8217;t have words in common. and their foreign language translations Df.6 Label propagation in the graph will provide coverage and high recall, and we therefore extract only intersected high-confidence (&gt; 0.9) alignments De&#65533;f.</S>",
19,P11-1061,P13-2112,0,"Das and Petrov, 2011",0,"We have proposed a method for unsupervised POStagging that performs on par with the current state of-the-art (Das and Petrov, 2011), but is subs tan tially less-sophisticated (specifically not requiring convex optimization or a feature-based HMM)","We have proposed a method for unsupervised POS tagging that performs on par with the current state of-the-art (Das and Petrov, 2011), but is substantially less-sophisticated (specifically not requiring convex optimization or a feature-based HMM)","'0','85','23','147'","<S sid=""0"">Unsupervised Part-of-Speech Tagging with Bilingual Graph-Based Projections</S><S sid=""85"" ssid=""16"">We develop our POS induction model based on the feature-based HMM of Berg-Kirkpatrick et al. (2010).</S><S sid=""23"" ssid=""19"">Our final average POS tagging accuracy of 83.4% compares very favorably to the average accuracy of Berg-Kirkpatrick et al.&#8217;s monolingual unsupervised state-of-the-art model (73.0%), and considerably bridges the gap to fully supervised POS tagging performance (96.6%).</S><S sid=""147"" ssid=""10"">As indicated by bolding, for seven out of eight languages the improvements of the &#8220;With LP&#8221; setting are statistically significant with respect to the other models, including the &#8220;No LP&#8221; setting.11 Overall, it performs 10.4% better than the hitherto state-of-the-art feature-HMM baseline, and 4.6% better than direct projection, when we macro-average the accuracy over all languages.</S>",
