Citance Number,Reference Article,Citing Article,Citation Marker Offset,Citation Marker,Citation Offset,Citation Text,Citation Text Clean,Reference Offset,Reference Text,Discourse Facet
1,D09-1092,P14-1004,0,"Mimno et al, 2009",0,"This configuration is similar to PolyLDA (Mimno et al, 2009) or LinkLDA (Yano et al, 2009), such that utterances from different parties are treated as different languages or blog-post and comments pairs","This configuration is similar to PolyLDA (Mimno et al, 2009) or LinkLDA (Yano et al, 2009), such that utterances from different parties are treated as different languages or blog-post and comments pairs","'23','17'","<S sid=""23"" ssid=""19"">The internet makes it possible for people all over the world to access documents from different cultures, but readers will not be fluent in this wide variety of languages.</S><S sid=""17"" ssid=""13"">We argue that topic modeling is both a useful and appropriate tool for leveraging correspondences between semantically comparable documents in multiple different languages.</S>","['hypothesis_citation','method_citation']"
2,D09-1092,P10-1044,0,"Mimno et al, 2009",0,"Our particular model, LinkLDA, has been applied to a few NLP tasks such as simultaneously modeling the words appearing in blog posts and users who will likely respond to them (Yano et al, 2009), modeling topic-aligned articles in different languages (Mimno et al, 2009), and word sense induction (Brody and Lapata, 2009)","Our particular model, LinkLDA, has been applied to a few NLP tasks such as simultaneously modeling the words appearing in blog posts and users who will likely respond to them (Yano et al, 2009), modeling topic-aligned articles in different languages (Mimno et al, 2009), and word sense induction (Brody and Lapata, 2009)","'32','25','128'","<S sid=""32"" ssid=""8"">Outside of the field of topic modeling, Kawaba et al. (Kawaba et al., 2008) use a Wikipedia-based model to perform sentiment analysis of blog posts.</S><S sid=""25"" ssid=""1"">Bilingual topic models for parallel texts with word-to-word alignments have been studied previously using the HM-bitam model (Zhao and Xing, 2007).</S><S sid=""128"" ssid=""77"">Although the PLTM is clearly not a substitute for a machine translation system&#8212;it has no way to represent syntax or even multi-word phrases&#8212;it is clear from the examples in figure 2 that the sets of high probability words in different languages for a given topic are likely to include translations.</S>","['aim_citation','hypothesis_citation','method_citation','results_citation']"
3,D09-1092,P11-2084,0,"Mimno et al, 2009",0,"(Mimno et al, 2009) retrieve a list of potential translations simply by selecting a small number N of the most probable words in both languages and then add the Cartesian product of these sets for every topic to a set of candidate translations","(Mimno et al, 2009) retrieve a list of potential translations simply by selecting a small number N of the most probable words in both languages and then add the Cartesian product of these sets for every topic to a set of candidate translations","'138','137','109'","<S sid=""138"" ssid=""87"">We then add the Cartesian product of these sets for every topic to a set of candidate translations C. We report the number of elements of C that appear in the reference lexica.</S><S sid=""137"" ssid=""86"">For every topic t we select a small number K of the most probable words in English (e) and in each &#8220;translation&#8221; language (E): Wte and Wtt, respectively.</S><S sid=""109"" ssid=""58"">One simple way to achieve this topic alignment is to add a small set of comparable document tuples that provide sufficient &#8220;glue&#8221; to bind the topics together.</S>","['hypothesis_citation','method_citation']"
4,D09-1092,E12-1014,0,"Mimno et al, 2009",0,"Our Wikipedia-based topic similarity feature, w (f, e), is similar in spirit to polylingualtopic models (Mimno et al 2009), but it is scalable to full bilingual lexicon induction","Our Wikipedia-based topic similarity feature, w (f, e), is similar in spirit to polylingual topic models (Mimno et al 2009), but it is scalable to full bilingual lexicon induction",'29',"<S sid=""29"" ssid=""5"">A recent extended abstract, developed concurrently by Ni et al. (Ni et al., 2009), discusses a multilingual topic model similar to the one presented here.</S>","['hypothesis_citation','method_citation']"
5,D09-1092,D11-1086,0,"Mimno et al, 2009",0,"of English document and the second half of its aligned foreign language document (Mimno et al,2009)","For Europarl data sets, we artificially make them comparable by considering the first half of English document and the second half of its aligned foreign language document (Mimno et al,2009)",'170',"<S sid=""170"" ssid=""4"">First, we explore whether comparable document tuples support the alignment of fine-grained topics, as demonstrated earlier using parallel documents.</S>","['hypothesis_citation','method_citation']"
6,D09-1092,N12-1007,0,"Mimno et al, 2009",0,"Since the PLTM is not a contribution of this paper, we refer the interested reader to (Mimno et al, 2009) for more details","Since the PLTM is not a contribution of this paper, we refer the interested reader to (Mimno et al, 2009) for more details","'9','153'","<S sid=""9"" ssid=""5"">In this paper, we present the polylingual topic model (PLTM).</S><S sid=""153"" ssid=""102"">In order to make the task more difficult, we train a relatively coarse-grained PLTM with 50 topics on the training set.</S>","['hypothesis_citation','method_citation']"
7,D09-1092,N12-1007,0,2009,0,"Evaluation Corpus The automatic evaluation of cross-lingual co reference systems requires annotated 10Mimno et al (2009) showed that so long as the proportion of topically-aligned to non-aligned documents exceeded 0.25, the topic distributions (as measured by mean Jensen-Shannon Divergence between distributions) did not degrade significantly","Mimno et al (2009) showed that so long as the proportion of topically-aligned to non-aligned documents exceeded 0.25, the topic distributions (as measured by mean Jensen-Shannon Divergence between distributions) did not degrade significantly","'118','79','122'","<S sid=""118"" ssid=""67"">We calculate the Jensen-Shannon divergence between the topic distributions for each pair of individual documents in S that were originally part of the same tuple prior to separation.</S><S sid=""79"" ssid=""28"">For each tuple we can then calculate the JensenShannon divergence (the average of the KL divergences between each distribution and a mean distribution) between these distributions.</S><S sid=""122"" ssid=""71"">Divergence drops significantly when the proportion of &#8220;glue&#8221; tuples increases from 0.01 to 0.25.</S>","['hypothesis_citation','method_citation']"
8,D09-1092,D10-1025,0,"Mimno et al, 2009",0,"Similarly, Polylingual Topic Models (PLTM) (Mimno et al, 2009) generalized LDA to tuples of documents from multiple languages","Similarly, Polylingual Topic Models (PLTM) (Mimno et al, 2009) generalized LDA to tuples of documents from multiple languages","'192','105','3','35'","<S sid=""192"" ssid=""1"">We introduced a polylingual topic model (PLTM) that discovers topics aligned across multiple languages.</S><S sid=""105"" ssid=""54"">An important application for polylingual topic modeling is to use small numbers of comparable document tuples to link topics in larger collections of distinct, non-comparable documents in multiple languages.</S><S sid=""3"" ssid=""3"">We introduce a polylingual topic model that discovers topics aligned across multiple languages.</S><S sid=""35"" ssid=""1"">The polylingual topic model (PLTM) is an extension of latent Dirichlet allocation (LDA) (Blei et al., 2003) for modeling polylingual document tuples.</S>","['hypothesis_citation','method_citation']"
9,D09-1092,D10-1025,0,"Mimno et al, 2009",0,"Our baseline joint PLSA model (JPLSA) is closely related to the poly-lingual LDA model of (Mimno et al, 2009)","Our baseline joint PLSA model (JPLSA) is closely related to the poly-lingual LDA model of (Mimno et al, 2009)","'67','35','110','66'","<S sid=""67"" ssid=""16"">(Interestingly, all languages except Greek and Finnish use closely related words for &#8220;youth&#8221; or &#8220;young&#8221; in a separate topic.)</S><S sid=""35"" ssid=""1"">The polylingual topic model (PLTM) is an extension of latent Dirichlet allocation (LDA) (Blei et al., 2003) for modeling polylingual document tuples.</S><S sid=""110"" ssid=""59"">Continuing with the example above, one might extract a set of connected Wikipedia articles related to the focus of the journal and then train PLTM on a joint corpus consisting of journal papers and Wikipedia articles.</S><S sid=""66"" ssid=""15"">The second topic, concerning children, demonstrates the variability of everyday terminology: although the four Romance languages are closely related, they use etymologically unrelated words for children.</S>","['hypothesis_citation','method_citation']"
10,D09-1092,D10-1025,0,"Mimno et al, 2009",0,"We describe the model for two languages, but it is straightforward to generalize to more than two languages, as in (Mimno et al, 2009)","We describe the model for two languages, but it is straightforward to generalize to more than two languages, as in (Mimno et al, 2009)","'28','30','4','10'","<S sid=""28"" ssid=""4"">We take a simpler approach that is more suitable for topically similar document tuples (where documents are not direct translations of one another) in more than two languages.</S><S sid=""30"" ssid=""6"">However, they evaluate their model on only two languages (English and Chinese), and do not use the model to detect differences between languages.</S><S sid=""4"" ssid=""4"">We explore the model&#8217;s characteristics using two large corpora, each with over ten different languages, and demonstrate its usefulness in supporting machine translation and tracking topic trends across languages.</S><S sid=""10"" ssid=""6"">We demonstrate its utility and explore its characteristics using two polylingual corpora: proceedings of the European parliament (in eleven languages) and a collection of Wikipedia articles (in twelve languages).</S>","['hypothesis_citation','method_citation']"
11,D09-1092,D10-1025,0,"Mimno et al, 2009",0,"j=1 P (z2j|?) P (w 2 j| ?z2j) The difference between the JPLSA model and the poly-lingual topic model of (Mimno et al, 2009) is that we merge the vocabularies in the two languages and learn topic-specific word distributions over these merged vocabularies, instead of having pairs of topic-specific word distributions, one for each language, like in (Mimno et al, 2009)","The difference between the JPLSA model and the poly-lingual topic model of (Mimno et al, 2009) is that we merge the vocabularies in the two languages and learn topic-specific word distributions over these merged vocabularies, instead of having pairs of topic-specific word distributions, one for each language, like in (Mimno et al, 2009)","'22','39','40'","<S sid=""22"" ssid=""18"">We use this corpus to explore the ability of the model both to infer similarities between vocabularies in different languages, and to detect differences in topic emphasis between languages.</S><S sid=""39"" ssid=""5"">Additionally, PLTM assumes that each &#8220;topic&#8221; consists of a set of discrete distributions over words&#8212;one for each language l = 1, ... , L. In other words, rather than using a single set of topics &#934; = {&#966;1, ... , &#966;T}, as in LDA, there are L sets of language-specific topics, &#934;1, ... , &#934;L, each of which is drawn from a language-specific symmetric Dirichlet with concentration parameter &#946;l.</S><S sid=""40"" ssid=""6"">Anew document tuple w = (w1, ... , wL) is generated by first drawing a tuple-specific topic distribution from an asymmetric Dirichlet prior with concentration parameter &#945; and base measure m: Then, for each language l, a latent topic assignment is drawn for each token in that language: Finally, the observed tokens are themselves drawn using the language-specific topic parameters: wl &#8764; P(wl  |zl,&#934;l) = 11n &#966;lwl |zl .</S>","['hypothesis_citation','method_citation']"
12,D09-1092,D10-1025,0,"Mimno et al, 2009",0,"Another difference between our model and the poly-lingual LDA model of (Mimno et al, 2009) is that we use maximum aposteriori (MAP) instead of Bayesian inference","Another difference between our model and the poly-lingual LDA model of (Mimno et al, 2009) is that we use maximum aposteriori (MAP) instead of Bayesian inference","'22','30','47'","<S sid=""22"" ssid=""18"">We use this corpus to explore the ability of the model both to infer similarities between vocabularies in different languages, and to detect differences in topic emphasis between languages.</S><S sid=""30"" ssid=""6"">However, they evaluate their model on only two languages (English and Chinese), and do not use the model to detect differences between languages.</S><S sid=""47"" ssid=""13"">We take the latter approach, and use the MAP estimate for &#945;m and the predictive distributions over words for &#934;1, .</S>","['hypothesis_citation','method_citation']"
13,D09-1092,D10-1025,0,"Mimno et al, 2009",0,"For computing distance we used the L1-norm of the difference, which worked a bit better than the Jensen Shannon divergence between the topic vectors used in (Mimno et al, 2009)","For computing distance we used the L1-norm of the difference, which worked a bit better than the Jensen Shannon divergence between the topic vectors used in (Mimno et al, 2009)","'156','118'","<S sid=""156"" ssid=""105"">We use both Jensen-Shannon divergence and cosine distance.</S><S sid=""118"" ssid=""67"">We calculate the Jensen-Shannon divergence between the topic distributions for each pair of individual documents in S that were originally part of the same tuple prior to separation.</S>","['hypothesis_citation','method_citation']"
15,D09-1092,D10-1025,0,"Mimno et al, 2009",0,"In previously reported work, (Mimno et al, 2009) evaluate parallel document retrieval using PLTM on Europarl speeches in English and Spanish, using training and test sets of size similar to ours","In previously reported work, (Mimno et al, 2009) evaluate parallel document retrieval using PLTM on Europarl speeches in English and Spanish, using training and test sets of size similar to ours",'55',"<S sid=""55"" ssid=""4"">The EuroParl corpus consists of parallel texts in eleven western European languages: Danish, German, Greek, English, Spanish, Finnish, French, Italian, Dutch, Portuguese and Swedish.</S>",['method_citation']
16,D09-1092,W12-3117,0,"Mimno et al, 2009",0,"We assume that a higher dimensionality can lead to a better repartitioning of the vocabulary over the topics. Multilingual LDA has been used before in natural language processing ,e.g .polylingual topic models (Mimno et al, 2009) or multilingual topic models for unaligned text (Boyd-Graber and Blei, 2009)","Multilingual LDA has been used before in natural language processing, e.g. polylingual topic models (Mimno et al, 2009) or multilingual topic models for unaligned text (Boyd-Graber and Blei, 2009)",'1',"<S sid=""1"" ssid=""1"">Topic models are a useful tool for analyzing large text collections, but have previously been applied in only monolingual, or at most bilingual, contexts.</S>","['hypothesis_citation','method_citation','results_citation']"
17,D09-1092,W11-2133,0,2009,0,"ji =wjk? M j i? m k=1w j k, (1) where M j is the topic distribution of document j and wk is the number of occurrences of phrase pair Xk in document j. Mimno et al (2009) extend the original concept of LDA to support polylingual topic models (PLTM), both on parallel (such as EuroParl) and partly comparable documents (such as Wikipediaarticles)","Mimno et al (2009) extend the original concept of LDA to support polylingual topic models (PLTM), both on parallel (such as EuroParl) and partly comparable documents (such as Wikipedia articles)","'21','35','29'","<S sid=""21"" ssid=""17"">The second corpus, Wikipedia articles in twelve languages, contains sets of documents that are not translations of one another, but are very likely to be about similar concepts.</S><S sid=""35"" ssid=""1"">The polylingual topic model (PLTM) is an extension of latent Dirichlet allocation (LDA) (Blei et al., 2003) for modeling polylingual document tuples.</S><S sid=""29"" ssid=""5"">A recent extended abstract, developed concurrently by Ni et al. (Ni et al., 2009), discusses a multilingual topic model similar to the one presented here.</S>","['hypothesis_citation','method_citation']"
18,D09-1092,W11-2133,0,2009,0,Tuple-specific topic distributions arelearned using LDA with distinct topic-word concentration parameters? l. Mimno et al (2009) show that PLTM sufficiently aligns topics in parallel corpora,Mimno et al (2009) show that PLTM sufficiently aligns topics in parallel corpora,"'126','168'","<S sid=""126"" ssid=""75"">These results demonstrate that PLTM is appropriate for aligning topics in corpora that have only a small subset of comparable documents.</S><S sid=""168"" ssid=""2"">However, the growth of the web, and in particular Wikipedia, has made comparable text corpora &#8211; documents that are topically similar but are not direct translations of one another &#8211; considerably more abundant than true parallel corpora.</S>","['hypothesis_citation','method_citation']"
19,D09-1092,P14-2110,0,"Mimno et al, 2009",0,"A good candidate for multilingual topic analyses are polylin gual topic models (Mimno et al, 2009), which learn topics for multiple languages, creating tuples of language specific distributions over monolingual vocabularies for each topic","A good candidate for multilingual topic analyses are polylingual topic models (Mimno et al, 2009), which learn topics for multiple languages, creating tuples of language specific distributions over monolingual vocabularies for each topic","'39','38','3'","<S sid=""39"" ssid=""5"">Additionally, PLTM assumes that each &#8220;topic&#8221; consists of a set of discrete distributions over words&#8212;one for each language l = 1, ... , L. In other words, rather than using a single set of topics &#934; = {&#966;1, ... , &#966;T}, as in LDA, there are L sets of language-specific topics, &#934;1, ... , &#934;L, each of which is drawn from a language-specific symmetric Dirichlet with concentration parameter &#946;l.</S><S sid=""38"" ssid=""4"">This is unlike LDA, in which each document is assumed to have its own document-specific distribution over topics.</S><S sid=""3"" ssid=""3"">We introduce a polylingual topic model that discovers topics aligned across multiple languages.</S>","['hypothesis_citation','method_citation']"
20,D09-1092,P14-2110,0,2009,0,"3csLDATo train a polylingual topic model on social media, we make two modifications to the model of Mimno et al (2009): add a token specific language variable, and a process for identifying aligned top ics. First ,polylingual topic models require parallel or comparable corpora in which each document has an assigned language","To train a polylingual topic model on social media, we make two modifications to the model of Mimno et al (2009): add a token specific language variable, and a process for identifying aligned top ics","'3','192','18'","<S sid=""3"" ssid=""3"">We introduce a polylingual topic model that discovers topics aligned across multiple languages.</S><S sid=""192"" ssid=""1"">We introduced a polylingual topic model (PLTM) that discovers topics aligned across multiple languages.</S><S sid=""18"" ssid=""14"">In this paper, we use two polylingual corpora to answer various critical questions related to polylingual topic models.</S>","['hypothesis_citation','method_citation']"
