Citance Number,Reference Article,Citing Article,Citation Marker Offset,Citation Marker,Citation Offset,Citation Text,Citation Text Clean,Reference Offset,Reference Text,Discourse Facet
1,P08-1043,C10-1045,0,2008,0,"Finally, we note that simple weighting gives nearly a 2% F1 improvement, whereas Goldberg and Tsarfaty (2008) found that unweighted lattices were more effective for Hebrew","Finally, we note that simple weighting gives nearly a 2% F1 improvement, whereas Goldberg and Tsarfaty (2008) found that unweighted lattices were more effective for Hebrew",'33',"<S sid=""33"" ssid=""12"">The current work treats both segmental and super-segmental phenomena, yet we note that there may be more adequate ways to treat supersegmental phenomena assuming Word-Based morphology as we explore in (Tsarfaty and Goldberg, 2008).</S>",['method_citation']
2,P08-1043,P11-1141,0,2008,0,Goldberg and Tsarfaty (2008) showed that a single model for morphological segmentation and syntactic parsing of Hebrew yielded an error reduction of 12% over the best pipelined models,Goldberg and Tsarfaty (2008) showed that a single model for morphological segmentation and syntactic parsing of Hebrew yielded an error reduction of 12% over the best pipelined models,"'4','0','19','189'","<S sid=""4"" ssid=""4"">Using a treebank grammar, a data-driven lexicon, and a linguistically motivated unknown-tokens handling technique our model outperforms previous pipelined, integrated or factorized systems for Hebrew morphological and syntactic processing, yielding an error reduction of 12% over the best published results so far.</S><S sid=""0"">A Single Generative Model for Joint Morphological Segmentation and Syntactic Parsing</S><S sid=""19"" ssid=""15"">Here we push the single-framework conjecture across the board and present a single model that performs morphological segmentation and syntactic disambiguation in a fully generative framework.</S><S sid=""189"" ssid=""3"">Better grammars are shown here to improve performance on both morphological and syntactic tasks, providing support for the advantage of a joint framework over pipelined or factorized ones.</S>",['results_citation']
3,P08-1043,P10-1074,0,2008,0,"Zhang and Clark (2008) built a perceptron-based joint segmenter and part-of-speech (POS) tagger for Chinese, and Toutanova and Cherry (2009) learned a joint model of lemmatization and POS tagging which outperformed a pipelined model. Adler and Elhadad (2006) presented an HMMbased approach for unsupervised joint morphological segmentation and tagging of Hebrew, and Goldberg and Tsarfaty (2008) developed a joint model of segmentation, tagging and parsing of He brew, based on lattice parsing","Zhang and Clark (2008) built a perceptron-based joint segmenter and part-of-speech (POS) tagger for Chinese, and Toutanova and Cherry (2009) learned a joint model of lemmatization and POS tagging which outperformed a pipelined model. Adler and Elhadad (2006) presented an HMM-based approach for unsupervised joint morphological segmentation and tagging of Hebrew, and Goldberg and Tsarfaty (2008) developed a joint model of segmentation, tagging and parsing of Hebrew, based on lattice parsing","'0','51','21'","<S sid=""0"">A Single Generative Model for Joint Morphological Segmentation and Syntactic Parsing</S><S sid=""51"" ssid=""9"">Tsarfaty (2006) used a morphological analyzer (Segal, 2000), a PoS tagger (Bar-Haim et al., 2005), and a general purpose parser (Schmid, 2000) in an integrated framework in which morphological and syntactic components interact to share information, leading to improved performance on the joint task.</S><S sid=""21"" ssid=""17"">Morphological segmentation decisions in our model are delegated to a lexeme-based PCFG and we show that using a simple treebank grammar, a data-driven lexicon, and a linguistically motivated unknown-tokens handling our model outperforms (Tsarfaty, 2006) and (Cohen and Smith, 2007) on the joint task and achieves state-of-the-art results on a par with current respective standalone models.2</S>","['method_citation','results_citation']"
4,P08-1043,P11-1089,0,2008,0,Goldberg and Tsarfaty (2008) pro pose a generative joint model,Goldberg and Tsarfaty (2008) propose a generative joint model,"'0','3'","<S sid=""0"">A Single Generative Model for Joint Morphological Segmentation and Syntactic Parsing</S><S sid=""3"" ssid=""3"">Here we propose a single joint model for performing both morphological segmentation and syntactic disambiguation which bypasses the associated circularity.</S>",['method_citation']
5,P08-1043,W10-1404,0,2008,0,Goldberg and Tsarfaty (2008) concluded that an integrated model of morphological disambiguation and syntactic parsing in Hebrew Treebank parsing improves the results of a pipelined approach,Goldberg and Tsarfaty (2008) concluded that an integrated model of morphological disambiguation and syntactic parsing in Hebrew Treebank parsing improves the results of a pipelined approach,"'4','47','188'","<S sid=""4"" ssid=""4"">Using a treebank grammar, a data-driven lexicon, and a linguistically motivated unknown-tokens handling technique our model outperforms previous pipelined, integrated or factorized systems for Hebrew morphological and syntactic processing, yielding an error reduction of 12% over the best published results so far.</S><S sid=""47"" ssid=""5"">Sima&#8217;an et al. (2001) presented parsing results for a DOP tree-gram model using a small data set (500 sentences) and semiautomatic morphological disambiguation.</S><S sid=""188"" ssid=""2"">The overall performance of our joint framework demonstrates that a probability distribution obtained over mere syntactic contexts using a Treebank grammar and a data-driven lexicon outperforms upper bounds proposed by previous joint disambiguation systems and achieves segmentation and parsing results on a par with state-of-the-art standalone applications results.</S>","['method_citation','results_citation']"
6,P08-1043,P11-2124,0,2008,0,Goldberg and Tsarfaty (2008) demonstrated the effectiveness of lattice parsing for jointly performing segmentation and parsing of Hebrewtext,Goldberg and Tsarfaty (2008) demonstrated the effectiveness of lattice parsing for jointly performing segmentation and parsing of Hebrew text,"'48','49'","<S sid=""48"" ssid=""6"">Tsarfaty (2006) was the first to demonstrate that fully automatic Hebrew parsing is feasible using the newly available 5000 sentences treebank.</S><S sid=""49"" ssid=""7"">Tsarfaty and Sima&#8217;an (2007) have reported state-of-the-art results on Hebrew unlexicalized parsing (74.41%) albeit assuming oracle morphological segmentation.</S>","['method_citation','results_citation']"
7,P08-1043,P11-2124,0,"Goldberg and Tsarfaty, 2008",0,"Following (Goldberg and Tsarfaty, 2008) we deal with the ambiguous affixation patterns in Hebrew by encoding the input sentence as a segmentation lattice","Following (Goldberg and Tsarfaty, 2008) we deal with the ambiguous affixation patterns in Hebrew by encoding the input sentence as a segmentation lattice","'14','94'","<S sid=""14"" ssid=""10"">The input for the segmentation task is however highly ambiguous for Semitic languages, and surface forms (tokens) may admit multiple possible analyses as in (BarHaim et al., 2007; Adler and Elhadad, 2006).</S><S sid=""94"" ssid=""26"">Our use of an unweighted lattice reflects our belief that all the segmentations of the given input sentence are a-priori equally likely; the only reason to prefer one segmentation over the another is due to the overall syntactic context which is modeled via the PCFG derivations.</S>",['method_citation']
8,P08-1043,P12-2002,0,2008,0,2The complete set of analyses for this word is provided in Goldberg and Tsarfaty (2008),The complete set of analyses for this word is provided in Goldberg and Tsarfaty (2008),"'8','85','140','101'","<S sid=""8"" ssid=""4"">The Hebrew token &#8216;bcl&#8217;1, for example, stands for the complete prepositional phrase 'We adopt here the transliteration of (Sima&#8217;an et al., 2001).</S><S sid=""85"" ssid=""17"">The Input The set of analyses for a token is thus represented as a lattice in which every arc corresponds to a specific lexeme l, as shown in Figure 1.</S><S sid=""140"" ssid=""18"">For these models we limit the options provided for OOV words by not considering the entire token as a valid segmentation in case at least some prefix segmentation exists.</S><S sid=""101"" ssid=""33"">The possible analyses of a surface token pose constraints on the analyses of specific segments.</S>","['method_citation','results_citation']"
9,P08-1043,D12-1046,0,"Goldberg and Tsarfaty, 2008",0,"A study that is closely related toours is (Goldberg and Tsarfaty, 2008), where a single generative model was proposed for joint morphological segmentation and syntactic parsing for Hebrew","A study that is closely related to ours is (Goldberg and Tsarfaty, 2008), where a single generative model was proposed for joint morphological segmentation and syntactic parsing for Hebrew","'0','19','3','186'","<S sid=""0"">A Single Generative Model for Joint Morphological Segmentation and Syntactic Parsing</S><S sid=""19"" ssid=""15"">Here we push the single-framework conjecture across the board and present a single model that performs morphological segmentation and syntactic disambiguation in a fully generative framework.</S><S sid=""3"" ssid=""3"">Here we propose a single joint model for performing both morphological segmentation and syntactic disambiguation which bypasses the associated circularity.</S><S sid=""186"" ssid=""24"">This fully generative model caters for real interaction between the syntactic and morphological levels as a part of a single coherent process.</S>",['method_citation']
10,P08-1043,D12-1133,0,2008,0,"Models that in addition incorporate morphological analysis and segmentation have been explored by Tsarfaty (2006), Cohen and Smith (2007), and Goldberg and Tsarfaty (2008) with special reference to Hebrew parsing","Models that in addition incorporate morphological analysis and segmentation have been explored by Tsarfaty (2006), Cohen and Smith (2007), and Goldberg and Tsarfaty (2008) with special reference to Hebrew parsing","'43','49'","<S sid=""43"" ssid=""1"">Morphological analyzers for Hebrew that analyze a surface form in isolation have been proposed by Segal (2000), Yona and Wintner (2005), and recently by the knowledge center for processing Hebrew (Itai et al., 2006).</S><S sid=""49"" ssid=""7"">Tsarfaty and Sima&#8217;an (2007) have reported state-of-the-art results on Hebrew unlexicalized parsing (74.41%) albeit assuming oracle morphological segmentation.</S>","['method_citation','results_citation']"
11,P08-1043,E09-1038,0,"Goldberg and Tsarfaty, 2008",0,"4), and in a more realistic one in which parsing and segmentation are handled jointly by the parser (Goldberg and Tsarfaty, 2008) (Sec","Parsing and segmentation are handled jointly by the parser (Goldberg and Tsarfaty, 2008)",'0',"<S sid=""0"">A Single Generative Model for Joint Morphological Segmentation and Syntactic Parsing</S>",['method_citation']
12,P08-1043,E09-1038,0,"Goldberg and Tsarfaty, 2008",0,"It is the same grammar as described in (Goldberg and Tsarfaty, 2008)","It is the same grammar as described in (Goldberg and Tsarfaty, 2008)","'136','28','37','63'","<S sid=""136"" ssid=""14"">Lexicon and OOV Handling Our data-driven morphological-analyzer proposes analyses for unknown tokens as described in Section 5.</S><S sid=""28"" ssid=""7"">The same argument holds for resolving PP attachment of a prefixed preposition or marking conjunction of elements of any kind.</S><S sid=""37"" ssid=""16"">The same form fmnh can be segmented as f-mnh, f (&#8220;that&#8221;) functioning as a reletivizer with the form mnh.</S><S sid=""63"" ssid=""10"">When the same token is to be interpreted as a single lexeme fmnh, it may function as a single adjective &#8220;fat&#8221;.</S>",['method_citation']
14,P08-1043,E09-1038,0,2008,0,"Several studies followed this line, (Cohen and Smith, 2007) the most recent of which is Goldberg and Tsarfaty (2008), who presented a model based on unweighted lattice parsing for performing the joint task","The most recent of which is Goldberg and Tsarfaty (2008), who presented a model based on unweighted lattice parsing for performing the joint task","'3','52'","<S sid=""3"" ssid=""3"">Here we propose a single joint model for performing both morphological segmentation and syntactic disambiguation which bypasses the associated circularity.</S><S sid=""52"" ssid=""10"">Cohen and Smith (2007) later on based a system for joint inference on factored, independent, morphological and syntactic components of which scores are combined to cater for the joint inference task.</S>",['method_citation']
15,P08-1043,E09-1038,0,2008,0,Goldberg and Tsarfaty (2008) use a data-driven morphological analyzer derived from the tree bank,Goldberg and Tsarfaty (2008) use a data-driven morphological analyzer derived from the tree bank,"'134','136','47'","<S sid=""134"" ssid=""12"">Such resources exist for Hebrew (Itai et al., 2006), but unfortunately use a tagging scheme which is incompatible with the one of the Hebrew Treebank.s For this reason, we use a data-driven morphological analyzer derived from the training data similar to (Cohen and Smith, 2007).</S><S sid=""136"" ssid=""14"">Lexicon and OOV Handling Our data-driven morphological-analyzer proposes analyses for unknown tokens as described in Section 5.</S><S sid=""47"" ssid=""5"">Sima&#8217;an et al. (2001) presented parsing results for a DOP tree-gram model using a small data set (500 sentences) and semiautomatic morphological disambiguation.</S>",['method_citation']
16,P08-1043,E09-1038,0,2008,0,The model of Goldberg and Tsarfaty (2008) uses a morphological analyzer to constructs a lattice for each input token,The model of Goldberg and Tsarfaty (2008) uses a morphological analyzer to constructs a lattice for each input token,"'133','89'","<S sid=""133"" ssid=""11"">Morphological Analyzer Ideally, we would use an of-the-shelf morphological analyzer for mapping each input token to its possible analyses.</S><S sid=""89"" ssid=""21"">Each connected path (l1 ... lk) E L corresponds to one morphological segmentation possibility of W. The Parser Given a sequence of input tokens W = w1 ... wn and a morphological analyzer, we look for the most probable parse tree &#960; s.t.</S>",['method_citation']
17,P08-1043,E09-1038,0,"Goldberg and Tsarfaty, 2008",0,"Instead, we use the evaluation measure of (Tsarfaty, 2006), also used in (Goldberg and Tsarfaty, 2008), which is an adaptation of parse val to use characters instead of space-delimited tokens as its basic units","Instead, we use the evaluation measure of (Tsarfaty, 2006), also used in (Goldberg and Tsarfaty, 2008), which is an adaptation of parseval to use characters instead of space-delimited tokens as its basic units","'149','1','73'","<S sid=""149"" ssid=""27"">We use a patched version of BitPar allowing for direct input of probabilities instead of counts.</S><S sid=""1"" ssid=""1"">Morphological processes in Semitic languages deliver space-delimited words which introduce multiple, distinct, syntactic units into the structure of the input sentence.</S><S sid=""73"" ssid=""5"">We use double-circles to indicate the space-delimited token boundaries.</S>",['method_citation']
