Citance Number,Reference Article,Citing Article,Citation Marker Offset,Citation Marker,Citation Offset,Citation Text,Citation Text Clean,Reference Offset,Reference Text,Discourse Facet
1,P08-1102,C08-1049,0,2008,0,"Following Jiang et al (2008), we describe segmentation and Joint S& amp; T as below: For a given Chinese sentence appearing as a character sequence: C 1: n= C 1 C 2.","Following Jiang et al (2008), we describe segmentation and Joint S& amp; T as below: For a given Chinese sentence appearing as a character sequence: C 1: n= C 1 C 2.","'37','78','22'","<S sid=""37"" ssid=""9"">C represents a Chinese character while the subscript of C indicates its position in the sentence relative to the current character (it has the subscript 0).</S><S sid=""78"" ssid=""3"">Given a Chinese character sequence C1:n, the decoding procedure can proceed in a left-right fashion with a dynamic programming approach.</S><S sid=""22"" ssid=""18"">2 Segmentation and POS Tagging Given a Chinese character sequence: while the segmentation and POS tagging result can be depicted as: Here, Ci (i = L.n) denotes Chinese character, ti (i = L.m) denotes POS tag, and Cl:r (l &lt; r) denotes character sequence ranges from Cl to Cr.</S>",['method_citation']
2,P08-1102,C08-1049,0,2008,0,"As described in Ng and Low (2004 )andJiang et al (2008), we use s indicating a single character word, while b, m and e indicating the be gin, middle and end of a word respectively","As described in Ng and Low (2004) and Jiang et al (2008), we use s indicating a single character word, while b, m and e indicating the be gin, middle and end of a word respectively","'28','25','35'","<S sid=""28"" ssid=""24"">A subsequence of boundary-POS labelling result indicates a word with POS t only if the boundary tag sequence composed of its boundary part conforms to s or bm*e style, and all POS tags in its POS part equal to t. For example, a tag sequence b NN m NN e NN represents a threecharacter word with POS tag NN.</S><S sid=""25"" ssid=""21"">According to Ng and Low (2004), the segmentation task can be transformed to a tagging problem by assigning each character a boundary tag of the following four types: We can extract segmentation result by splitting the labelled result into subsequences of pattern s or bm*e which denote single-character word and multicharacter word respectively.</S><S sid=""35"" ssid=""7"">To compare with others conveniently, we excluded the ones forbidden by the close test regulation of SIGHAN, for example, Pu(C0), indicating whether character C0 is a punctuation.</S>",['method_citation']
3,P08-1102,C08-1049,0,2008,0,plates called lexical-target in the column below areintroduced by Jiang et al (2008),plates called lexical-target in the column below are introduced by Jiang et al (2008),"'38','39','40','42'","<S sid=""38"" ssid=""10"">Templates immediately borrowed from Ng and Low (2004) are listed in the upper column named non-lexical-target.</S><S sid=""39"" ssid=""11"">We called them non-lexical-target because predications derived from them can predicate without considering the current character C0.</S><S sid=""40"" ssid=""12"">Templates in the column below are expanded from the upper ones.</S><S sid=""42"" ssid=""14"">As predications generated from such templates depend on the current character, we name these templates lexical-target.</S>",['method_citation']
4,P08-1102,P12-1110,0,2008,0,"For CTB-5, we refer to the split by Duan et al (2007) as CTB-5d, and to the split by Jiang et al (2008) as CTB-5j","For CTB-5, we refer to the split by Duan et al (2007) as CTB-5d, and to the split by Jiang et al (2008) as CTB-5j","'103','110','31','101'","<S sid=""103"" ssid=""14"">We turned to experiments on CTB 5.0 to test the performance of the cascaded model.</S><S sid=""110"" ssid=""21"">Similar trend appeared in experiments of Ng and Low (2004), where they conducted experiments on CTB 3.0 and achieved Fmeasure 0.919 on Joint S&amp;T, a ratio of 96% to the F-measure 0.952 on segmentation.</S><S sid=""31"" ssid=""3"">The perceptron has been used in many NLP tasks, such as POS tagging (Collins, 2002), Chinese word segmentation (Ng and Low, 2004; Zhang and Clark, 2007) and so on.</S><S sid=""101"" ssid=""12"">On the three corpora, it also outperformed the word-based perceptron model of Zhang and Clark (2007).</S>",['results_citation']
5,P08-1102,D12-1126,0,2008,0,Jiang et al (2008) proposes a cascaded linear model for joint Chinese word segmentation and POS tagging,Jiang et al (2008) proposes a cascaded linear model for joint Chinese word segmentation and POS tagging,"'0','1','5'","<S sid=""0"">A Cascaded Linear Model for Joint Chinese Word Segmentation and Part-of-Speech Tagging</S><S sid=""1"" ssid=""1"">We propose a cascaded linear model for joint Chinese word segmentation and partof-speech tagging.</S><S sid=""5"" ssid=""1"">Word segmentation and part-of-speech (POS) tagging are important tasks in computer processing of Chinese and other Asian languages.</S>",['method_citation']
6,P08-1102,C10-1135,0,2008,0,"We use the feature templates the same as Jiang et al, (2008) to extract features form E model","We use the feature templates the same as Jiang et al, (2008) to extract features form E model","'25','33'","<S sid=""25"" ssid=""21"">According to Ng and Low (2004), the segmentation task can be transformed to a tagging problem by assigning each character a boundary tag of the following four types: We can extract segmentation result by splitting the labelled result into subsequences of pattern s or bm*e which denote single-character word and multicharacter word respectively.</S><S sid=""33"" ssid=""5"">In following subsections, we describe the feature templates and the perceptron training algorithm.</S>",['method_citation']
8,P08-1102,P12-1025,0,"Jiangetal., 2008a",0,"approach, where basic processing units are characters which compose words (Jiangetal., 2008a)","basic processing units are characters which compose words (Jiangetal., 2008a)","'5','25'","<S sid=""5"" ssid=""1"">Word segmentation and part-of-speech (POS) tagging are important tasks in computer processing of Chinese and other Asian languages.</S><S sid=""25"" ssid=""21"">According to Ng and Low (2004), the segmentation task can be transformed to a tagging problem by assigning each character a boundary tag of the following four types: We can extract segmentation result by splitting the labelled result into subsequences of pattern s or bm*e which denote single-character word and multicharacter word respectively.</S>",['method_citation']
9,P08-1102,C10-2096,0,2008b,0,"The solid lines show the 1-best result, which is wrong. Jiang et al (2008b) stress the problems in re ranking phase","The solid lines show the 1-best result, which is wrong. Jiang et al (2008b) stress the problems in re ranking phase","'88','25'","<S sid=""88"" ssid=""13"">Line 8 considers each candidate result in N-best list at prior position of the current word.</S><S sid=""25"" ssid=""21"">According to Ng and Low (2004), the segmentation task can be transformed to a tagging problem by assigning each character a boundary tag of the following four types: We can extract segmentation result by splitting the labelled result into subsequences of pattern s or bm*e which denote single-character word and multicharacter word respectively.</S>","['method_citation','results_citation']"
10,P08-1102,C10-2096,0,"Jiang et al, 2008a",0,"6.1.1 Baseline Forest-based System We first segment the Chinese sentences into the1-best segmentations using a state-of-the-art system (Jiang et al, 2008a), since it is not necessary for a conventional parser to take as input the POS tagging results","We first segment the Chinese sentences into the 1-best segmentations using a state-of-the-art system (Jiang et al, 2008a), since it is not necessary for a conventional parser to take as input the POS tagging results",'5',"<S sid=""5"" ssid=""1"">Word segmentation and part-of-speech (POS) tagging are important tasks in computer processing of Chinese and other Asian languages.</S>",['method_citation']
11,P08-1102,C10-2096,0,"Jiang et al, 2008a",0,"6.1.2 Lattice-forest SystemWe first segment and POS tag the Chinese sentences into word lattices using the same system (Jiang et al, 2008a), and prune each lattice into a reasonable size using the marginal probability-based pruning algorithm","We first segment and POS tag the Chinese sentences into word lattices using the same system (Jiang et al, 2008a), and prune each lattice into a reasonable size using the marginal probability-based pruning algorithm",'5',"<S sid=""5"" ssid=""1"">Word segmentation and part-of-speech (POS) tagging are important tasks in computer processing of Chinese and other Asian languages.</S>","['method_citation','results_citation']"
12,P08-1102,C10-1132,0,"Jiang et al, 2008",0,"However, when we repeat the work of (Jiang et al, 2008), which reports to achieve the state-of-art performance in the data-sets that we adopt, it has been found that some features (e.g., C0) are unnoticeably trained several times in their model (which are implicitly generated from different feature templates used in the paper)","However, when we repeat the work of (Jiang et al, 2008), which reports to achieve the state-of-art performance in the data-sets that we adopt, it has been found that some features (e.g., C0) are unnoticeably trained several times in their model (which are implicitly generated from different feature templates used in the paper)","'8','13'","<S sid=""8"" ssid=""4"">Another widely used discriminative method is the perceptron algorithm (Collins, 2002), which achieves comparable performance to CRFs with much faster training, so we base this work on the perceptron.</S><S sid=""13"" ssid=""9"">However, as such features are generated dynamically during the decoding procedure, two limitation arise: on the one hand, the amount of parameters increases rapidly, which is apt to overfit on training corpus; on the other hand, exact inference by dynamic programming is intractable because the current predication relies on the results of prior predications.</S>","['method_citation','results_citation']"
13,P08-1102,C10-1132,0,"Jiang et al, 2008",0,"Unicode/CP936 1.1M/55K 104K/13K 0.035 Table 3: Corpus statistics for the second SIGHAN Bakeoff appears twice, which is generated from two different templates Cn (with n=0, generates C0) and [C0Cn] (used in (Jiang et al, 2008), with n=0, generates [C0C0])","Table 3: Corpus statistics for the second SIGHAN Bakeoff appears twice, which is generated from two different templates Cn (with n=0, generates C0) and [C0Cn] (used in (Jiang et al, 2008), with n=0, generates [C0C0])","'91','100'","<S sid=""91"" ssid=""2"">The first was conducted to test the performance of the perceptron on segmentation on the corpus from SIGHAN Bakeoff 2, including the Academia Sinica Corpus (AS), the Hong Kong City University Corpus (CityU), the Peking University Corpus (PKU) and the Microsoft Research Corpus (MSR).</S><S sid=""100"" ssid=""11"">Test results listed in Table 2 shows that this model obtains higher accuracy than the best of SIGHAN Bakeoff 2 in three corpora (AS, CityU and MSR).</S>","['method_citation','results_citation']"
14,P08-1102,C10-1132,0,"Jiang et al, 2008",0,"As all the features adopted in (Jiang et al, 2008) possess binary values, if a binary feature is repeated n times, then it should behave like a real-valued feature with its value to be? n?, at least in principle","As all the features adopted in (Jiang et al, 2008) possess binary values, if a binary feature is repeated n times, then it should behave like a real-valued feature with its value to be n, at least in principle","'16','58','14'","<S sid=""16"" ssid=""12"">Shown in Figure 1, the cascaded model has a two-layer architecture, with a characterbased perceptron as the core combined with other real-valued features such as language models.</S><S sid=""58"" ssid=""9"">Instead of incorporating all features into the perceptron directly, we first trained the perceptron using character-based features, and several other sub-models using additional ones such as word or POS n-grams, then trained the outside-layer linear model using the outputs of these sub-models, including the perceptron.</S><S sid=""14"" ssid=""10"">As a result, many theoretically useful features such as higherorder word or POS n-grams are difficult to be incorporated in the model efficiently.</S>","['method_citation','results_citation']"
15,P08-1102,C10-1132,0,"Jiang et al, 2008",0,"Inspired by (Jiang et al, 2008), we set the real d Although Table 5 has shown that the proposed all the value of C0 to be 2.0, the value of C-1C0anC0C1 to be 3.0, and the values of all other features to be 1.0 for the character-based discriminative-plus model","Inspired by (Jiang et al, 2008), we set the real d Although Table 5 has shown that the proposed all the value of C0 to be 2.0, the value of C-1C0anC0C1 to be 3.0, and the values of all other features to be 1.0 for the character-based discriminative-plus model","'16','37'","<S sid=""16"" ssid=""12"">Shown in Figure 1, the cascaded model has a two-layer architecture, with a characterbased perceptron as the core combined with other real-valued features such as language models.</S><S sid=""37"" ssid=""9"">C represents a Chinese character while the subscript of C indicates its position in the sentence relative to the current character (it has the subscript 0).</S>","['method_citation','results_citation']"
17,P08-1102,C10-1132,0,"Jiang et al, 2008",0,"Last, (Jiang et al, 2008) 5 adds repeated features implicitly based on (Ng and Low, 2004)","Last, (Jiang et al, 2008) 5 adds repeated features implicitly based on (Ng and Low, 2004)","'12','2'","<S sid=""12"" ssid=""8"">Besides the usual character-based features, additional features dependent on POS&#8217;s or words can also be employed to improve the performance.</S><S sid=""2"" ssid=""2"">With a character-based perceptron as the core, combined with realvalued features such as language models, the cascaded model is able to efficiently utilize knowledge sources that are inconvenient to incorporate into the perceptron directly.</S>",['results_citation']
20,P08-1102,D12-1046,0,Jiang et al2008a,0,"Previous joint models mainly focus on word segmentation and POS tagging task, such as the virtual nodes method (Qian et al2010), cascaded linear model (Jiang et al2008a) ,perceptron (Zhang and Clark, 2008), sub-word based stacked learning (Sun, 2011), re ranking (Jiang et al2008b)","Previous joint models mainly focus on word segmentation and POS tagging task, such as the virtual nodes method (Qian et al2010), cascaded linear model (Jiang et al2008a), perceptron (Zhang and Clark, 2008), sub-word based stacked learning (Sun, 2011), re ranking (Jiang et al2008b)",'0',"<S sid=""0"">A Cascaded Linear Model for Joint Chinese Word Segmentation and Part-of-Speech Tagging</S>",['method_citation']
