Citance Number,Reference Article,Citing Article,Citation Marker Offset,Citation Marker,Citation Offset,Citation Text,Citation Text Clean,Reference Offset,Reference Text,Discourse Facet
1,W06-3114,W06-3120,0,"Koehn and Monz, 2006",0,"The official results were slightly better because a lowercase evaluation was used, see (Koehn and Monz, 2006)","The official results were slightly better because a lowercase evaluation was used, see (Koehn and Monz, 2006)","'47','70','17'","<S sid=""47"" ssid=""13"">Because of this, we retokenized and lowercased submitted output with our own tokenizer, which was also used to prepare the training and test data.</S><S sid=""70"" ssid=""9"">See Figure 3 for a screenshot of the evaluation tool.</S><S sid=""17"" ssid=""10"">Participants were also provided with two sets of 2,000 sentences of parallel text to be used for system development and tuning.</S>","['method_citation','results_citation']"
2,W06-3114,D07-1092,0,"Koehn and Monz, 2006",0,"We are further focusing on the shared task of the workshop on Statistical Machine Translation, which took place last year (Koehn and Monz, 2006) and consisted in translating Spanish, German, and French texts from and to English","We are further focusing on the shared task of the workshop on Statistical Machine Translation, which took place last year (Koehn and Monz, 2006) and consisted in translating Spanish, German, and French texts from and to English",'8',"<S sid=""8"" ssid=""1"">The evaluation framework for the shared task is similar to the one used in last year&#8217;s shared task.</S>",['method_citation']
3,W06-3114,C08-1074,0,"Koehn and Monz, 2006",0,"For our training and test data we used the English-French subset of the Europarl corpus provided for the shared task (Koehn and Monz, 2006) at the Statistical Machine Translation workshop held in conjunction with the 2006 HLT-NAACL conference","For our training and test data we used the English-French subset of the Europarl corpus provided for the shared task (Koehn and Monz, 2006) at the Statistical Machine Translation workshop held in conjunction with the 2006 HLT-NAACL conference","'47','16','18'","<S sid=""47"" ssid=""13"">Because of this, we retokenized and lowercased submitted output with our own tokenizer, which was also used to prepare the training and test data.</S><S sid=""16"" ssid=""9"">The test data was again drawn from a segment of the Europarl corpus from the fourth quarter of 2000, which is excluded from the training data.</S><S sid=""18"" ssid=""11"">In addition to the Europarl test set, we also collected 29 editorials from the Project Syndicate website2, which are published in all the four languages of the shared task.</S>",['method_citation']
4,W06-3114,W07-0718,0,"Koehn and Monz, 2006",0,"The results of last year? s workshop further suggested that Bleu systematically underestimated the quality of rule-based machine translation systems (Koehn and Monz, 2006)","The results of last year's workshop further suggested that Bleu systematically underestimated the quality of rule-based machine translation systems (Koehn and Monz, 2006)","'38','40','90','171'","<S sid=""38"" ssid=""4"">The BLEU score has been shown to correlate well with human judgement, when statistical machine translation systems are compared (Doddington, 2002; Przybocki, 2004; Li, 2005).</S><S sid=""40"" ssid=""6"">They demonstrated this with the comparison of statistical systems against (a) manually post-edited MT output, and (b) a rule-based commercial system.</S><S sid=""90"" ssid=""6"">Another way to view the judgements is that they are less quality judgements of machine translation systems per se, but rankings of machine translation systems.</S><S sid=""171"" ssid=""2"">While many systems had similar performance, the results offer interesting insights, especially about the relative performance of statistical and rule-based systems.</S>","['method_citation','results_citation']"
5,W06-3114,P07-1083,0,"Koehn and Monz, 2006",0,"For the bi text-based annotation, we use publicly available word alignments from the Europarl corpus, automatically generated by GIZA++ for FrenchEnglish (Fr), Spanish-English (Es) and GermanEnglish (De) (Koehn and Monz, 2006)","For the bi text-based annotation, we use publicly available word alignments from the Europarl corpus, automatically generated by GIZA++ for FrenchEnglish (Fr), Spanish-English (Es) and German-English (De) (Koehn and Monz, 2006)","'151','6','5'","<S sid=""151"" ssid=""44"">The statistical systems seem to still lag behind the commercial rule-based competition when translating into morphological rich languages, as demonstrated by the results for English-German and English-French.</S><S sid=""6"" ssid=""4"">English was again paired with German, French, and Spanish.</S><S sid=""5"" ssid=""3"">&#8226; We evaluated translation from English, in addition to into English.</S>",['method_citation']
6,W06-3114,W07-0738,0,2006,0,"Evaluation results recently reported by Callison-Burch et al (2006) and Koehn and Monz (2006), revealed that, in certain cases, the BLEU metric may not be a reliable MTquality indicator","Evaluation results recently reported by Callison-Burch et al (2006) and Koehn and Monz (2006), revealed that, in certain cases, the BLEU metric may not be a reliable MTquality indicator","'39','35','140'","<S sid=""39"" ssid=""5"">However, a recent study (Callison-Burch et al., 2006), pointed out that this correlation may not always be strong.</S><S sid=""35"" ssid=""1"">For the automatic evaluation, we used BLEU, since it is the most established metric in the field.</S><S sid=""140"" ssid=""33"">We confirm the finding by Callison-Burch et al. (2006) that the rule-based system of Systran is not adequately appreciated by BLEU.</S>",['method_citation']
7,W06-3114,W07-0738,0,2006,0,"For instance, Callison-Burch et al (2006) and Koehn and Monz (2006) reported and analyzed several cases of strong disagreement between system rankings provided by human assessors and those produced by the BLEU metric (Papineni et al, 2001)","For instance, Callison-Burch et al (2006) and Koehn and Monz (2006) reported and analyzed several cases of strong disagreement between system rankings provided by human assessors and those produced by the BLEU metric (Papineni et al, 2001)","'139','39','71','140'","<S sid=""139"" ssid=""32"">Given the closeness of most systems and the wide over-lapping confidence intervals it is hard to make strong statements about the correlation between human judgements and automatic scoring methods such as BLEU.</S><S sid=""39"" ssid=""5"">However, a recent study (Callison-Burch et al., 2006), pointed out that this correlation may not always be strong.</S><S sid=""71"" ssid=""10"">Presenting the output of several system allows the human judge to make more informed judgements, contrasting the quality of the different systems.</S><S sid=""140"" ssid=""33"">We confirm the finding by Callison-Burch et al. (2006) that the rule-based system of Systran is not adequately appreciated by BLEU.</S>",['method_citation']
8,W06-3114,W07-0738,0,2006,0,Wepresenta comparative study on the behavior of several metric representatives from each linguistic level in the context of some of the cases reported by Koehn and Monz (2006) and Callison-Burch et al (2006) (see Section 3),We present a comparative study on the behavior of several metric representatives from each linguistic level in the context of some of the cases reported by Koehn and Monz (2006) and Callison-Burch et al (2006) (see Section 3),"'39','140'","<S sid=""39"" ssid=""5"">However, a recent study (Callison-Burch et al., 2006), pointed out that this correlation may not always be strong.</S><S sid=""140"" ssid=""33"">We confirm the finding by Callison-Burch et al. (2006) that the rule-based system of Systran is not adequately appreciated by BLEU.</S>",['method_citation']
9,W06-3114,W07-0738,0,2006,0,Weanalyze some of the cases reported by Koehn and Monz (2006) and Callison-Burch et al (2006),We analyze some of the cases reported by Koehn and Monz (2006) and Callison-Burch et al (2006),"'39','140','10'","<S sid=""39"" ssid=""5"">However, a recent study (Callison-Burch et al., 2006), pointed out that this correlation may not always be strong.</S><S sid=""140"" ssid=""33"">We confirm the finding by Callison-Burch et al. (2006) that the rule-based system of Systran is not adequately appreciated by BLEU.</S><S sid=""10"" ssid=""3"">Figure 1 provides some statistics about this corpus.</S>","['method_citation','results_citation']"
10,W06-3114,D07-1030,0,"Koehn and Monz, 2006",0,"We use the same method described in (Koehn and Monz, 2006) to perform the significance test","We use the same method described in (Koehn and Monz, 2006) to perform the significance test","'52','49'","<S sid=""52"" ssid=""18"">Pairwise comparison: We can use the same method to assess the statistical significance of one system outperforming another.</S><S sid=""49"" ssid=""15"">Hence, we use the bootstrap resampling method described by Koehn (2004).</S>",['method_citation']
11,W06-3114,D07-1030,0,"Koehn and Monz, 2016",0,"We also manually evaluated the RBMT systems and SMT systems in terms of both adequacy and fluency as defined in (Koehn and Monz, 2006)","We also manually evaluated the RBMT systems and SMT systems in terms of both adequacy and fluency as defined in (Koehn and Monz, 2006)","'123','38'","<S sid=""123"" ssid=""16"">For the manual scoring, we can distinguish only half of the systems, both in terms of fluency and adequacy.</S><S sid=""38"" ssid=""4"">The BLEU score has been shown to correlate well with human judgement, when statistical machine translation systems are compared (Doddington, 2002; Przybocki, 2004; Li, 2005).</S>",['method_citation']
12,W06-3114,W08-0406,0,"Koehn and Monz, 2017",0,"The baseline is the PSMT system used for the 2006 NAACL SMT workshop (Koehn and Monz, 2006) with phrase length 3 and a trigram language model (Stolcke, 2002)","The baseline is the PSMT system used for the 2006 NAACL SMT workshop (Koehn and Monz, 2006) with phrase length 3 and a trigram language model (Stolcke, 2002)","'14','38','11','26'","<S sid=""14"" ssid=""7"">There is twice as much language modelling data, since training data for the machine translation system is filtered against sentences of length larger than 40 words.</S><S sid=""38"" ssid=""4"">The BLEU score has been shown to correlate well with human judgement, when statistical machine translation systems are compared (Doddington, 2002; Przybocki, 2004; Li, 2005).</S><S sid=""11"" ssid=""4"">To lower the barrier of entrance to the competition, we provided a complete baseline MT system, along with data resources.</S><S sid=""26"" ssid=""19"">Most of these groups follow a phrase-based statistical approach to machine translation.</S>",['method_citation']
13,W06-3114,W11-1002,0,2006,0,"Callison-Burch et al (2006 )andKoehn and Monz (2006), for example, study situations where BLEU strongly disagrees with human judgment of translation quality","Callison-Burch et al (2006) and Koehn and Monz (2006), for example, study situations where BLEU strongly disagrees with human judgment of translation quality","'39','62','140','78'","<S sid=""39"" ssid=""5"">However, a recent study (Callison-Burch et al., 2006), pointed out that this correlation may not always be strong.</S><S sid=""62"" ssid=""1"">While automatic measures are an invaluable tool for the day-to-day development of machine translation systems, they are only a imperfect substitute for human assessment of translation quality, or as the acronym BLEU puts it, a bilingual evaluation understudy.</S><S sid=""140"" ssid=""33"">We confirm the finding by Callison-Burch et al. (2006) that the rule-based system of Systran is not adequately appreciated by BLEU.</S><S sid=""78"" ssid=""17"">Judges where excluded from assessing the quality of MT systems that were submitted by their institution.</S>",['method_citation']
14,W06-3114,D07-1091,0,"Koehn and Monz, 2006",0,"The English? German systems were trained on the full 751,088 sentence Europarl corpus and evaluated on the WMT 2006 test set (Koehn and Monz, 2006)","The English German systems were trained on the full 751,088 sentence Europarl corpus and evaluated on the WMT 2006 test set (Koehn and Monz, 2006)","'126','16'","<S sid=""126"" ssid=""19"">The test set included 2000 sentences from the Europarl corpus, but also 1064 sentences out-ofdomain test data.</S><S sid=""16"" ssid=""9"">The test data was again drawn from a segment of the Europarl corpus from the fourth quarter of 2000, which is excluded from the training data.</S>",['method_citation']
15,W06-3114,D07-1091,0,"Koehn and Monz, 2006",0,"We report results on the development test set, which is also the out-of-domain test set of the WMT06 workshop shared task (Koehn and Monz, 2006)","We report results on the development test set, which is also the out-of-domain test set of the WMT06 workshop shared task (Koehn and Monz, 2006)","'18','58','13','21'","<S sid=""18"" ssid=""11"">In addition to the Europarl test set, we also collected 29 editorials from the Project Syndicate website2, which are published in all the four languages of the shared task.</S><S sid=""58"" ssid=""24"">We divide up each test set into blocks of 20 sentences (100 blocks for the in-domain test set, 53 blocks for the out-of-domain test set), check for each block, if one system has a higher BLEU score than the other, and then use the sign test.</S><S sid=""13"" ssid=""6"">We are currently working on a complete open source implementation of a training and decoding system, which should become available over the summer. pus, from which also the in-domain test set is taken.</S><S sid=""21"" ssid=""14"">The out-of-domain test set differs from the Europarl data in various ways.</S>",['method_citation']
16,W06-3114,P07-1108,0,"Koehn and Monz, 2006",0,"A shared task to evaluate machine translation performance was organized as part of the NAACL/HLT 2006 Workshop on Statistical Ma chine Translation (Koehn and Monz, 2006)","A shared task to evaluate machine translation performance was organized as part of the NAACL/HLT 2006 Workshop on Statistical Machine Translation (Koehn and Monz, 2006)","'38','64','170'","<S sid=""38"" ssid=""4"">The BLEU score has been shown to correlate well with human judgement, when statistical machine translation systems are compared (Doddington, 2002; Przybocki, 2004; Li, 2005).</S><S sid=""64"" ssid=""3"">Also, the argument has been made that machine translation performance should be evaluated via task-based evaluation metrics, i.e. how much it assists performing a useful task, such as supporting human translators or aiding the analysis of texts.</S><S sid=""170"" ssid=""1"">We carried out an extensive manual and automatic evaluation of machine translation performance on European language pairs.</S>","['method_citation','results_citation']"
18,W06-3114,E12-3010,0,"Koehn and Monz, 2006",0,"For the same reason, human evaluation metrics based on adequacy and fluency were not suitable either (Koehn and Monz, 2006)","For the same reason, human evaluation metrics based on adequacy and fluency were not suitable either (Koehn and Monz, 2006)","'84','155','68','156'","<S sid=""84"" ssid=""23"">The human judges were presented with the following definition of adequacy and fluency, but no additional instructions:</S><S sid=""155"" ssid=""48"">For instance, in the recent IWSLT evaluation, first fluency annotations were solicited (while withholding the source sentence), and then adequacy annotations.</S><S sid=""68"" ssid=""7"">We asked participants to each judge 200&#8211;300 sentences in terms of fluency and adequacy, the most commonly used manual evaluation metrics.</S><S sid=""156"" ssid=""49"">Almost all annotators reported difficulties in maintaining a consistent standard for fluency and adequacy judgements, but nevertheless most did not explicitly move towards a ranking-based evaluation.</S>",['method_citation']
19,W06-3114,W09-0402,0,"Koehn and Monz, 2006",0,"The correlations on the document level were computed on the English, French, Spanish and German texts generated by various translation systems in the framework of the first (Koehn and Monz, 2006), second (Callison-Burch et al, 2007) and third shared translation task (Callison-Burchet al, 2008)","The correlations on the document level were computed on the English, French, Spanish and German texts generated by various translation systems in the framework of the first (Koehn and Monz, 2006), second (Callison-Burch et al, 2007) and third shared translation task (Callison-Burchet al, 2008)","'6','39','8'","<S sid=""6"" ssid=""4"">English was again paired with German, French, and Spanish.</S><S sid=""39"" ssid=""5"">However, a recent study (Callison-Burch et al., 2006), pointed out that this correlation may not always be strong.</S><S sid=""8"" ssid=""1"">The evaluation framework for the shared task is similar to the one used in last year&#8217;s shared task.</S>",['method_citation']
