Citance Number,Reference Article,Citing Article,Citation Marker Offset,Citation Marker,Citation Offset,Citation Text,Citation Text Clean,Reference Offset,Reference Text,Reference Citation,Discourse Facet
1,W99-0623,A00-2005,0,1999,0,1 Introduct ion Henderson and Brill (1999) showed that independent human research efforts produce parsers that can be combined for an overall boost in accuracy,Henderson and Brill (1999) showed that independent human research efforts produce parsers that can be combined for an overall boost in accuracy,"'1','114'","<S sid=""1"" ssid=""1"">Three state-of-the-art statistical parsers are combined to produce more accurate parses, as well as new bounds on achievable Treebank parsing accuracy.</S><S sid=""114"" ssid=""43"">The parser switching oracle is the upper bound on the accuracy that can be achieved on this set in the parser switching framework.</S>",,['method_citation']
2,W99-0623,A00-2005,0,1999,0,the collection of hypotheses ti =fi (Stest) using the unweighted constituent voting scheme of Henderson and Brill (1999),"Given a novel sentence Stest E Ctest, combine the collection of hypotheses ti = fi(Stest) using the unweighted constituent voting scheme of Henderson and Brill (1999)",'41',"<S sid=""41"" ssid=""27"">IL+-1Proof: Assume a pair of crossing constituents appears in the output of the constituent voting technique using k parsers.</S>",,['method_citation']
4,W99-0623,N10-1091,0,"Henderson and Brill, 1999",0,"5 (Henderson and Brill, 1999) used a similar framework in the context of constituent parsing and only three base parsers","(Henderson and Brill, 1999) used a similar framework in the context of constituent parsing and only three base parsers","'93','14','25'","<S sid=""93"" ssid=""22"">Because we are working with only three parsers, the only situation in which context will help us is when it can indicate we should choose to believe a single parser that disagrees with the majority hypothesis instead of the majority hypothesis itself.</S><S sid=""14"" ssid=""10"">We used these three parsers to explore parser combination techniques.</S><S sid=""25"" ssid=""11"">In our particular case the majority requires the agreement of only two parsers because we have only three.</S>",,['method_citation']
5,W99-0623,W05-1518,0,"Henderson and Brill, 1999",0,"A successful application of voting and of a stacked classifier to constituent parsing followed in (Henderson and Brill, 1999)","A successful application of voting and of a stacked classifier to constituent parsing followed in (Henderson and Brill, 1999)","'120','23'","<S sid=""120"" ssid=""49"">The precision and recall of similarity switching and constituent voting are both significantly better than the best individual parser, and constituent voting is significantly better than parser switching in precision.4 Constituent voting gives the highest accuracy for parsing the Penn Treebank reported to date.</S><S sid=""23"" ssid=""9"">We call this technique constituent voting.</S>",,"['method_citation','results_citation']"
6,W99-0623,W05-1518,0,"Henderson and Brill, 1999",0,"This approach roughly corresponds to (Henderson and Brill, 1999)? s Na ?ve Bayes parse hybridization","This approach roughly corresponds to (Henderson and Brill, 1999)'s Naive Bayes parse hybridization","'16','27','47'","<S sid=""16"" ssid=""2"">We call this approach parse hybridization.</S><S sid=""27"" ssid=""13"">Another technique for parse hybridization is to use a na&#239;ve Bayes classifier to determine which constituents to include in the parse.</S><S sid=""47"" ssid=""33"">Hence, s &lt; k. But by addition of the votes on the two parses, s &gt; 2N-11&gt; k, a contradiction.</S>",,['method_citation']
7,W99-0623,W05-1518,0,1999,0,Henderson and Brill (1999) also reported that context did not help them to outperform simple voting,Henderson and Brill (1999) also reported that context did not help them to outperform simple voting,"'84','125'","<S sid=""84"" ssid=""13"">The first shows how constituent features and context do not help in deciding which parser to trust.</S><S sid=""125"" ssid=""54"">The constituent voting and na&#239;ve Bayes techniques are equivalent because the parameters learned in the training set did not sufficiently discriminate between the three parsers.</S>",,['results_citation']
8,W99-0623,W05-1518,0,"Henderson and Brill, 1999",0,"(Henderson and Brill, 1999) improved their best parser? s F-measure of 89.7 to 91.3, using their na ?ve Bayes voting on the Penn TreeBank constituent structures (16% error reduction)","(Henderson and Brill, 1999) improved their best parser's F-measure of 89.7 to 91.3, using their naive Bayes voting on the Penn TreeBank constituent structures (16% error reduction)",'120',"<S sid=""120"" ssid=""49"">The precision and recall of similarity switching and constituent voting are both significantly better than the best individual parser, and constituent voting is significantly better than parser switching in precision.4 Constituent voting gives the highest accuracy for parsing the Penn Treebank reported to date.</S>",,['results_citation']
10,W99-0623,P01-1005,0,"Henderson and Brill, 1999",0,"Voting has proven to be an effective technique for improving classifier accuracy for many applications, including part-of-speech tagging (van Halteren, et al 1998), parsing (Henderson and Brill, 1999), and word sense disambiguation (Pederson, 2000)","Voting has proven to be an effective technique for improving classifier accuracy for many applications, including part-of-speech tagging (van Halteren, et al 1998), parsing (Henderson and Brill, 1999), and word sense disambiguation (Pederson, 2000)","'9','11','6','12'","<S sid=""9"" ssid=""5"">Recently, combination techniques have been investigated for part of speech tagging with positive results (van Halteren et al., 1998; Brill and Wu, 1998).</S><S sid=""11"" ssid=""7"">Similar advances have been made in machine translation (Frederking and Nirenburg, 1994), speech recognition (Fiscus, 1997) and named entity recognition (Borthwick et al., 1998).</S><S sid=""6"" ssid=""2"">The machine learning community has been in a similar situation and has studied the combination of multiple classifiers (Wolpert, 1992; Heath et al., 1996).</S><S sid=""12"" ssid=""8"">The corpus-based statistical parsing community has many fast and accurate automated parsing systems, including systems produced by Collins (1997), Charniak (1997) and Ratnaparkhi (1997).</S>",,['method_citation']
11,W99-0623,D09-1161,0,1999,0,"Regarding the system combination study, Henderson and Brill (1999) propose two parser combination schemes, one that selects an entire tree from one of the parsers, and one that builds a new tree by selecting constituents suggested by the initial trees","Regarding the system combination study, Henderson and Brill (1999) propose two parser combination schemes, one that selects an entire tree from one of the parsers, and one that builds a new tree by selecting constituents suggested by the initial trees","'51','55','97'","<S sid=""51"" ssid=""37"">One can trivially create situations in which strictly binary-branching trees are combined to create a tree with only the root node and the terminal nodes, a completely flat structure.</S><S sid=""55"" ssid=""41"">We have developed a general approach for combining parsers when preserving the entire structure of a parse tree is important.</S><S sid=""97"" ssid=""26"">If we were working with more than three parsers we could investigate minority constituents, those constituents that are suggested by at least one parser, but which the majority of the parsers do not suggest.</S>",,['method_citation']
12,W99-0623,D09-1161,0,1999,0,"Henderson and Brill (1999) combine three parsers and obtained an F1 score of 90.6, which is better than the score of 88.6 obtained by the best individual parser as reported in their paper","Henderson and Brill (1999) combine three parsers and obtained an F1 score of 90.6, which is better than the score of 88.6 obtained by the best individual parser as reported in their paper","'120','85','13'","<S sid=""120"" ssid=""49"">The precision and recall of similarity switching and constituent voting are both significantly better than the best individual parser, and constituent voting is significantly better than parser switching in precision.4 Constituent voting gives the highest accuracy for parsing the Penn Treebank reported to date.</S><S sid=""85"" ssid=""14"">We then show that the combining techniques presented above give better parsing accuracy than any of the individual parsers.</S><S sid=""13"" ssid=""9"">These three parsers have given the best reported parsing results on the Penn Treebank Wall Street Journal corpus (Marcus et al., 1993).</S>",,['results_citation']
13,W99-0623,D09-1161,0,"Henderson and Brill, 1999",0,"Besides the two model scores, we also adopt constituent count as an additional feature in spired by (Henderson and Brill 1999) and (Sagae and Lavie 2006)","Besides the two model scores, we also adopt constituent count as an additional feature in spired by (Henderson and Brill 1999) and (Sagae and Lavie 2006)","'108','89'","<S sid=""108"" ssid=""37"">From this we see that a finer-grained model for parser combination, at least for the features we have examined, will not give us any additional power.</S><S sid=""89"" ssid=""18"">None of the models we have presented utilize features associated with a particular constituent (i.e. the label, span, parent label, etc.) to influence parser preference.</S>",,['method_citation']
14,W99-0623,N06-2033,0,"Henderson and Brill, 1999",0,"Henderson and Brill (1999) proposed two parser combination schemes, one that picks an entire tree from one of the parsers, and one that, like ours, builds a new tree from constituents from the initial trees","Henderson and Brill (1999) proposed two parser combination schemes, one that picks an entire tree from one of the parsers, and one that, like ours, builds a new tree from constituents from the initial trees","'51','55','21'","<S sid=""51"" ssid=""37"">One can trivially create situations in which strictly binary-branching trees are combined to create a tree with only the root node and the terminal nodes, a completely flat structure.</S><S sid=""55"" ssid=""41"">We have developed a general approach for combining parsers when preserving the entire structure of a parse tree is important.</S><S sid=""21"" ssid=""7"">One hybridization strategy is to let the parsers vote on constituents' membership in the hypothesized set.</S>",,['method_citation']
15,W99-0623,N09-2064,0,"Henderson and Brill, 1999",0,"(Henderson and Brill, 1999) perform parse selection by maximizing the expected precision of the selected parse with respect to the set of parses being combined","(Henderson and Brill, 1999) perform parse selection by maximizing the expected precision of the selected parse with respect to the set of parses being combined","'70','98','78'","<S sid=""70"" ssid=""56"">In this case we are interested in finding' the maximum probability parse, ri, and Mi is the set of relevant (binary) parsing decisions made by parser i. ri is a parse selected from among the outputs of the individual parsers.</S><S sid=""98"" ssid=""27"">Adding the isolated constituents to our hypothesis parse could increase our expected recall, but in the cases we investigated it would invariably hurt our precision more than we would gain on recall.</S><S sid=""78"" ssid=""7"">The set is then compared with the set generated from the Penn Treebank parse to determine the precision and recall.</S>",,['method_citation']
16,W99-0623,N09-2064,0,"Henderson and Brill, 1999",0,"(Henderson and Brill, 1999) and (Sagae and Lavie, 2006) propose methods for parse hybridization by recombining constituents","(Henderson and Brill, 1999) and (Sagae and Lavie, 2006) propose methods for parse hybridization by recombining constituents","'27','16','21'","<S sid=""27"" ssid=""13"">Another technique for parse hybridization is to use a na&#239;ve Bayes classifier to determine which constituents to include in the parse.</S><S sid=""16"" ssid=""2"">We call this approach parse hybridization.</S><S sid=""21"" ssid=""7"">One hybridization strategy is to let the parsers vote on constituents' membership in the hypothesized set.</S>",,['method_citation']
17,W99-0623,N09-2064,0,"Henderson and Brill, 1999",0,"output (Figure 3) .Second, the parse selection method of (Henderson and Brill, 1999) selects the parse with maximum expected precision; here, we present an efficient, linear-time algorithm for selecting the parse with maximum expected f-score within the Mini mum Bayes Risk (MBR) framework. Third, we extend these parser combination methods from 1-best outputs to n-best outputs","Second, the parse selection method of (Henderson and Brill, 1999) selects the parse with maximum expected precision; here, we present an efficient, linear-time algorithm for selecting the parse with maximum expected f-score within the Mini mum Bayes Risk (MBR) framework","'70','118','98'","<S sid=""70"" ssid=""56"">In this case we are interested in finding' the maximum probability parse, ri, and Mi is the set of relevant (binary) parsing decisions made by parser i. ri is a parse selected from among the outputs of the individual parsers.</S><S sid=""118"" ssid=""47"">The maximum precision oracle is an upper bound on the possible gain we can achieve by parse hybridization.</S><S sid=""98"" ssid=""27"">Adding the isolated constituents to our hypothesis parse could increase our expected recall, but in the cases we investigated it would invariably hurt our precision more than we would gain on recall.</S>",,['method_citation']
18,W99-0623,P09-1065,0,"Henderson and Brill, 1999",0,"System combination has benefited various NLP tasks in recent years, such as products-of-experts (e.g., (Smith and Eisner, 2005)) and ensemble based parsing (e.g., (Henderson and Brill, 1999))","System combination has benefited various NLP tasks in recent years, such as products-of-experts (e.g., (Smith and Eisner, 2005)) and ensemble based parsing (e.g., (Henderson and Brill, 1999))","'0','12','53'","<S sid=""0"">Exploiting Diversity in Natural Language Processing: Combining Parsers</S><S sid=""12"" ssid=""8"">The corpus-based statistical parsing community has many fast and accurate automated parsing systems, including systems produced by Collins (1997), Charniak (1997) and Ratnaparkhi (1997).</S><S sid=""53"" ssid=""39"">For example, we may have semantic information (e.g. database query operations) associated with the productions in a grammar.</S>",,['method_citation']
20,W99-0623,C10-1151,0,1999,0,Henderson and Brill (1999) performs parse selection by maximizing the expected precision of selected parse with respect to the set of parses to be combined,Henderson and Brill (1999) performs parse selection by maximizing the expected precision of selected parse with respect to the set of parses to be combined,"'70','98','78'","<S sid=""70"" ssid=""56"">In this case we are interested in finding' the maximum probability parse, ri, and Mi is the set of relevant (binary) parsing decisions made by parser i. ri is a parse selected from among the outputs of the individual parsers.</S><S sid=""98"" ssid=""27"">Adding the isolated constituents to our hypothesis parse could increase our expected recall, but in the cases we investigated it would invariably hurt our precision more than we would gain on recall.</S><S sid=""78"" ssid=""7"">The set is then compared with the set generated from the Penn Treebank parse to determine the precision and recall.</S>",,['method_citation']
