Citance Number,Reference Article,Citing Article,Citation Marker Offset,Citation Marker,Citation Offset,Citation Text,Citation Text Clean,Reference Offset,Reference Text,Discourse Facet
2,E03-1005,N06-1045,0,"Bod, 2003",0,"Data-Oriented Parsing (DOP)? s methodology is to calculate weighted derivations, but as noted in (Bod, 2003), it is the highest ranking parse, not derivation, that is desired","Data-Oriented Parsing (DOP)'s methodology is to calculate weighted derivations, but as noted in (Bod, 2003), it is the highest ranking parse, not derivation, that is desired",'105',"<S sid=""105"" ssid=""8"">The derivation with the smallest sum, or highest rank, is taken as the final best derivation producing the best parse tree in Simplicity-DOP.3 Although Bod (2000b) reports that Simplicity DOP is outperformed by Likelihood-DOP, its results are still rather impressive for such a simple model.</S>",['method_citation']
3,E03-1005,D07-1058,0,2003,0,"Goodman? s transform, in com bi nation with a range of heuristics, allowed Bod (2003) to run the DOP model on the Penn Treebank WSJ benchmark and obtain some of the best results obtained with a generative model","Goodman's transform, in combination with a range of heuristics, allowed Bod (2003) to run the DOP model on the Penn Treebank WSJ benchmark and obtain some of the best results obtained with a generative model","'3','135'","<S sid=""3"" ssid=""3"">Together with a PCFGreduction of DOP we obtain improved accuracy and efficiency on the Wall Street Journal treebank Our results show an 11% relative reduction in error rate over previous models, and an average processing time of 3.6 seconds per WSJ sentence.</S><S sid=""135"" ssid=""16"">In the following section first results of SL-DOP and LS-DOP with a compact PCFG-reduction. we will see that our new definition of best parse tree also outperforms the best results obtained in Bod (2001).</S>",['results_citation']
4,E03-1005,D07-1058,0,"Bod, 2003",0,"Zuidema (2006a) shows that also the estimator (Bod, 2003) uses is biased and inconsistent, and will, even in the limit of infinite data, not correctly identify many possible distributions over trees","Zuidema (2006a) shows that also the estimator (Bod, 2003) uses is biased and inconsistent, and will, even in the limit of infinite data, not correctly identify many possible distributions over trees",'29',"<S sid=""29"" ssid=""26"">Johnson (1998b, 2002) showed that DOP1's subtree estimation method is statistically biased and inconsistent.</S>",['method_citation']
5,E03-1005,P11-1086,0,"Bod, 2003",0,"Second, we compare against a composed-rule system, which is analogous to the Data Oriented Parsing (DOP) approach in parsing (Bod, 2003)","Second, we compare against a composed-rule system, which is analogous to the Data Oriented Parsing (DOP) approach in parsing (Bod, 2003)","'143','126'","<S sid=""143"" ssid=""8"">While SL-DOP and LS-DOP have been compared before in Bod (2002), especially in the context of musical parsing, this paper presents the The DOP approach is based on two distinctive features: (1) the use of corpus fragments rather than grammar rules, and (2) the use of arbitrarily large fragments rather than restricted ones.</S><S sid=""126"" ssid=""7"">We focused on the Labeled Precision (LP) and Labeled Recall (LR) scores, as these are commonly used to rank parsing systems.</S>",['method_citation']
6,E03-1005,P04-1013,0,"Bod, 2003",0,"Our best performing model is more accurate than all these previous models except (Bod, 2003)","Our best performing model is more accurate than all these previous models except (Bod, 2003)","'3','11','6'","<S sid=""3"" ssid=""3"">Together with a PCFGreduction of DOP we obtain improved accuracy and efficiency on the Wall Street Journal treebank Our results show an 11% relative reduction in error rate over previous models, and an average processing time of 3.6 seconds per WSJ sentence.</S><S sid=""11"" ssid=""8"">The DOP model, on the other hand, was the first model (to the best of our knowledge) that proposed not to train a predefined grammar on a corpus, but to directly use corpus fragments as a grammar.</S><S sid=""6"" ssid=""3"">To appreciate these innovations, it should be noted that the model was radically different from all other statistical parsing models at the time.</S>",['results_citation']
7,E03-1005,P04-1013,0,"Bod, 2003",0,"We find that the discriminative probability model is much worse than the generative one, but that training to optimize the discriminative criteria results in improved performance. Performance of the latter model on the standard test set achieves 90.1% F-measure on constituents, which is the second best current ac curacy level, and only 0.6% below the current best (Bod, 2003) .This paper has also proposed a neural network training method which optimizes a discriminative criteria even when the parameters being estimated are those of a generative probability model","Performance of the latter model on the standard test set achieves 90.1% F-measure on constituents, which is the second best current accuracy level, and only 0.6% below the current best (Bod, 2003)","'134','107'","<S sid=""134"" ssid=""15"">This may be explained by the fact our best results in Bod (2001) were obtained by testing various subtree restrictions until the highest accuracy was obtained, while in the current experiment we used all subtrees as given by the PCFG-reduction.</S><S sid=""107"" ssid=""10"">This suggests that a model which combines these two notions of best parse may boost the accuracy.</S>",['method_citation']
10,E03-1005,E06-2025,0,"Bod, 2003",0,"Similarly, (Bod, 2003) changes the way frequenciesfi are counted, with a similar effect","Similarly, (Bod, 2003) changes the way frequencies fi are counted, with a similar effect",'66',"<S sid=""66"" ssid=""18"">Similarly, there are ci + 1 possibilities on the right branch.</S>",['method_citation']
12,E03-1005,W06-2905,0,"Bod, 2003",0,"(henceforth, STSGs), which can represent single words, contiguous and noncontiguous MWEs, context-free rules or complete parse trees in a unified representation. My approach is closely related to work in statistical parsing known as Data-Oriented Parsing (DOP), an empirically highly successful approach with labeled recall and precision scores on the Penn Tree Bank that are among the best currently obtained (Bod, 2003)","My approach is closely related to work in statistical parsing known as Data-Oriented Parsing (DOP), an empirically highly successful approach with labeled recall and precision scores on the Penn Tree Bank that are among the best currently obtained (Bod, 2003)","'126','133','12'","<S sid=""126"" ssid=""7"">We focused on the Labeled Precision (LP) and Labeled Recall (LR) scores, as these are commonly used to rank parsing systems.</S><S sid=""133"" ssid=""14"">It should be mentioned that the best precision and recall scores reported in Bod (2001) are slightly better than the ones reported here (the difference is only 0.2% for sentences 100 words).</S><S sid=""12"" ssid=""9"">This approach has now gained wide usage, as exemplified by the work of Collins (1996, 1999), Charniak (1996, 1997), Johnson (1998), Chiang (2000), and many others.</S>","['method_citation','results_citation']"
13,E03-1005,W06-2905,0,"Bod, 2003",0,"Shown are results were only elementary trees with scores higher than 0.3 and 0.1 respectively are used. However, more interesting is a qualitative analysis of the STSG induced, which shows that ,un like DOP1, push-n-pull arrives at a grammar that gives high weights (and scores) to those elementary3We approximated the most probable parse as follows (fol lowing (Bod, 2003))","We approximated the most probable parse as follows (following (Bod, 2003))",'26',"<S sid=""26"" ssid=""23"">Sima'an (1995) gave an efficient algorithm for computing the parse tree generated by the most probable derivation, which in some cases is a reasonable approximation of the most probable parse.</S>",['method_citation']
14,E03-1005,P05-1022,0,"Bod, 2003",0,"This result is only slightly higher than the highest reported result for this test-set, Bod? s (.907) (Bod,2003)","This result is only slightly higher than the highest reported result for this test-set, Bod's (.907) (Bod,2003)","'133','87'","<S sid=""133"" ssid=""14"">It should be mentioned that the best precision and recall scores reported in Bod (2001) are slightly better than the ones reported here (the difference is only 0.2% for sentences 100 words).</S><S sid=""87"" ssid=""39"">Yet, his grammar contains more than 5 million subtrees and processing times of over 200 seconds per WSJ sentence are reported (Bod 2003).</S>","['method_citation','results_citation']"
16,E03-1005,P07-1051,0,2003,0,"This assumption is in consonance with the principle of simplicity, but there are also empirical reasons for the shortest derivation assumption: in Bod (2003) and Hearne and Way (2006), it is shown that DOP models that select the preferred parse of a test sentence using the shortest derivation criterion perform very well","This assumption is in consonance with the principle of simplicity, but there are also empirical reasons for the shortest derivation assumption: in Bod (2003) and Hearne and Way (2006), it is shown that DOP models that select the preferred parse of a test sentence using the shortest derivation criterion perform very well","'100','46','104'","<S sid=""100"" ssid=""3"">In Bod (2000b), an alternative notion for the best parse tree was proposed based on a simplicity criterion: instead of producing the most probable tree, this model produced the tree generated by the shortest derivation with the fewest training subtrees.</S><S sid=""46"" ssid=""43"">Most previous notions of best parse tree in DOP1 were based on a probabilistic metric, with Bod (2000b) as a notable exception, who used a simplicity metric based on the shortest derivation.</S><S sid=""104"" ssid=""7"">Next, the rank of each (shortest) derivation is computed as the sum of the ranks of the subtrees involved.</S>",['method_citation']
17,E03-1005,P07-1051,0,"Bod, 2003",0,"But equally important is the fact that this new DOP* model does not suffer from a decrease in parse accuracy if larger subtrees are included, whereas the original DOP model needs to be redressed by a correction factor to maintain this property (Bod 2003)","But equally important is the fact that this new DOP* model does not suffer from a decrease in parse accuracy if larger subtrees are included, whereas the original DOP model needs to be redressed by a correction factor to maintain this property (Bod 2003)","'86','82'","<S sid=""86"" ssid=""38"">Bod reports state-of-the-art results with this method, and observes no decrease in parse accuracy when larger subtrees are included (using subtrees up to depth 14).</S><S sid=""82"" ssid=""34"">Bonnema et al. (1999) show that as a consequence too much weight is given to larger subtrees, and that the parse accuracy of DOP1 deteriorates if (very) large subtrees are included.</S>","['method_citation','results_citation']"
18,E03-1005,P07-1051,0,2003,0,"Of course, it is well-known that a supervised parser? s f-score decreases if it is transferred to another domain: for example, the (non-binarized) WSJ-trained DOP model in Bod (2003) decreases from around 91% to 85.5% f score if tested on the Brown corpus","Of course, it is well-known that a supervised parser's f-score decreases if it is transferred to another domain: for example, the (non-binarized) WSJ-trained DOP model in Bod (2003) decreases from around 91% to 85.5% f score if tested on the Brown corpus","'139','21','11'","<S sid=""139"" ssid=""4"">But while the accuracy of SL-DOP decreases after n=14 and converges to Simplicity DOP, the accuracy of LS-DOP continues to increase and converges to Likelihood-DOP.</S><S sid=""21"" ssid=""18"">One instantiation of DOP which has received considerable interest is the model known as DOP12 (Bod 1992).</S><S sid=""11"" ssid=""8"">The DOP model, on the other hand, was the first model (to the best of our knowledge) that proposed not to train a predefined grammar on a corpus, but to directly use corpus fragments as a grammar.</S>",['results_citation']
19,E03-1005,W04-0305,0,"Bod, 2003",0,"A moderately larger vocabulary version (4215 tag-word pairs) of this parser achieves 89.8% F-measure on section 0, where the best current result on the testing set is 90.7% (Bod, 2003)","A moderately larger vocabulary version (4215 tag-word pairs) of this parser achieves 89.8% F-measure on section 0, where the best current result on the testing set is 90.7% (Bod, 2003)","'121','134'","<S sid=""121"" ssid=""2"">40,000 sentences) and section 23 for testing (2416 sentences 100 words); section 22 was used as development set.</S><S sid=""134"" ssid=""15"">This may be explained by the fact our best results in Bod (2001) were obtained by testing various subtree restrictions until the highest accuracy was obtained, while in the current experiment we used all subtrees as given by the PCFG-reduction.</S>",['method_citation']
20,E03-1005,P06-1109,0,2003,0,The probability of a parse tree T is the sum of the 1 This subtree probability is redressed by a simple correction factor discussed in Goodman (2003: 136) and Bod (2003),This subtree probability is redressed by a simple correction factor discussed in Goodman (2003: 136) and Bod (2003),"'36','68','90'","<S sid=""36"" ssid=""33"">As an alternative, Bonnema et al. (1999) propose a subtree estimator which reduces the probability of a tree by a factor of two for each non-root non-terminal it contains.</S><S sid=""68"" ssid=""20"">Thus, there are aj= (bk+ 1)(ci + 1) possible subtrees headed by A @j. Goodman then gives a simple small PCFG with the following property: for every subtree in the training corpus headed by A, the grammar will generate an isomorphic subderivation with probability 1/a.</S><S sid=""90"" ssid=""42"">Then we slightly modify the PCFG-reduction in figure 2 as follows: We will also test the proposal by Bonnema et al. (1999) which reduces the probability of a subtree by a factor of two for each non-root nonterminal it contains.</S>",['method_citation']
