Citance Number,Reference Article,Citing Article,Citation Marker Offset,Citation Marker,Citation Offset,Citation Text,Citation Text Clean,Reference Offset,Reference Text,Discourse Facet
1,J01-2004,W05-0104,0,2001,0,"Second, their language models were used to rescore n-best speech lists (supplied by Brian Roark, see Roark (2001))","Second, their language models were used to rescore n-best speech lists (supplied by Brian Roark, see Roark (2001))","'372','355','14'","<S sid=""372"" ssid=""128"">The small size of our training data, as well as the fact that we are rescoring n-best lists, rather than working directly on lattices, makes comparison with the other models not particularly informative.</S><S sid=""355"" ssid=""111"">In order to get a sense of whether these perplexity reduction results can translate to improvement in a speech recognition task, we performed a very small preliminary experiment on n-best lists.</S><S sid=""14"" ssid=""2"">Perhaps one reason for this is that, until relatively recently, few methods have come out of the natural language processing community that were shown to improve upon the very simple language models still standardly in use in speech recognition systems.</S>",['method_citation']
2,J01-2004,P08-1013,0,2001,0,"Other linguistically inspired language models like Chelba and Jelinek (2000) and Roark (2001) have been applied to continuous speech recognition. These models have in common that they explicitly or implicitly use a context-free grammar induced from a tree bank, with the exception of Chelba and Jelinek (2000)",Other linguistically inspired language models like Chelba and Jelinek (2000) and Roark (2001) have been applied to continuous speech recognition,"'15','399'","<S sid=""15"" ssid=""3"">In the past few years, however, some improvements have been made over these language models through the use of statistical methods of natural language processing, and the development of innovative, linguistically well-motivated techniques for improving language models for speech recognition is generating more interest among computational linguists.</S><S sid=""399"" ssid=""12"">In addition, as mentioned above, we would like to further test our language model in speech recognition tasks, to see if the perplexity improvement that we have seen can lead to significant reductions in word error rate.</S>",['method_citation']
4,J01-2004,P04-1015,0,"Roark, 2001a",0,"Theperceptron approach was implemented with the same feature set as that of an existing generative model (Roark, 2001a), and experimental results show that it gives competitive performance to the generative model on parsing the Penn tree bank","The perceptron approach was implemented with the same feature set as that of an existing generative model (Roark, 2001a), and experimental results show that it gives competitive performance to the generative model on parsing the Penn treebank","'277','364'","<S sid=""277"" ssid=""33"">The first set of results looks at the performance of the parser on the standard corpora for statistical parsing trials: Sections 2-21 (989,860 words, 39,832 sentences) of the Penn Treebank (Marcus, Santorini, and Marcinkiewicz 1993) served as the training data, Section 24 (34,199 words, 1,346 sentences) as the held-out data for parameter estimation, and Section 23 (59,100 words, 2,416 sentences) as the test data.</S><S sid=""364"" ssid=""120"">We follow Chelba (2000) in dealing with this problem: for parsing purposes, we use the Penn Treebank tokenization; for interpolation with the provided trigram model, and for evaluation, the lattice tokenization is used.</S>","['method_citation','results_citation']"
5,J01-2004,P04-1015,0,"Roark, 2001a",0,"We implemented the perceptron approach with the same feature set as that of an existing generative model (Roark, 2001a), and show that the per ceptron model gives performance competitive to that of the generative model on parsing the Penn tree bank, thus demonstrating that an unnormalized discriminative parsing model can be applied with heuristic search","We implemented the perceptron approach with the same feature set as that of an existing generative model (Roark, 2001a), and show that the perceptron model gives performance competitive to that of the generative model on parsing the Penn treebank, thus demonstrating that an unnormalized discriminative parsing model can be applied with heuristic search","'347','364'","<S sid=""347"" ssid=""103"">The perplexity improvement was achieved by simply taking the existing parsing model and applying it, with no extra training beyond that done for parsing.</S><S sid=""364"" ssid=""120"">We follow Chelba (2000) in dealing with this problem: for parsing purposes, we use the Penn Treebank tokenization; for interpolation with the provided trigram model, and for evaluation, the lattice tokenization is used.</S>",['method_citation']
6,J01-2004,P04-1015,0,2001a,0,"One way around this problem is to adopt a two-pass approach, where GEN (x) is the top N analyses under some initial model, as in the re ranking approach of Collins (2000) .In the current paper we explore alternatives to rerank ing approaches, namely heuristic methods for finding the arg max, specifically incremental beam-search strategies related to the parsers of Roark (2001a) and Ratnaparkhi (1999)","In the current paper we explore alternatives to reranking approaches, namely heuristic methods for finding the argmax, specifically incremental beam-search strategies related to the parsers of Roark (2001a) and Ratnaparkhi (1999)",'133',"<S sid=""133"" ssid=""37"">Statistically based heuristic best-first or beam-search strategies (Caraballo and Charniak 1998; Charniak, Goldwater, and Johnson 1998; Goodman 1997) have yielded an enormous improvement in the quality and speed of parsers, even without any guarantee that the parse returned is, in fact, that with the maximum likelihood for the probability model.</S>",['method_citation']
7,J01-2004,P04-1015,0,2001a,0,"approach The parser is an incremental beam-search parser very similar to the sort described in Roark (2001a; 2004), with some changes in the search strategy to accommodate the perceptron feature weights","The parser is an incremental beam-search parser very similar to the sort described in Roark (2001a; 2004), with some changes in the search strategy to accommodate the perceptron feature weights","'137','268','115'","<S sid=""137"" ssid=""41"">Here we will present a parser that uses simple search heuristics of this sort without DP.</S><S sid=""268"" ssid=""24"">This is an incremental parser with a pruning strategy and no backtracking.</S><S sid=""115"" ssid=""19"">The structured language model (SLM) used in Chelba and Jelinek (1998a, 1998b, 1999), Jelinek and Chelba (1999), and Chelba (2000) is similar to that of Goddeau, except that (i) their shift-reduce parser follows a nondeterministic beam search, and (ii) each stack entry contains, in addition to the nonterminal node label, the headword of the constituent.</S>",['method_citation']
9,J01-2004,P04-1015,0,2001a,0,"Unlike in Roark (2001a; 2004), there is no look-ahead statistic, so we modified the feature set from those papers to explicitly include the lexical item and POS tag of the next word","Unlike in Roark (2001a; 2004), there is no look-ahead statistic, so we modified the feature set from those papers to explicitly include the lexical item and POS tag of the next word","'231','215'","<S sid=""231"" ssid=""135"">Since we do not know the POS for the word, we must sum the LAP for all POS For a PCFG G, a stack S = Ao An$ (which we will write AN and a look-ahead terminal item wi, we define the look-ahead probability as follows: We recursively estimate this with two empirically observed conditional probabilities for every nonterminal A,: 13(A, w,a) and P(A, c).</S><S sid=""215"" ssid=""119"">The first word in the string remaining to be parsed, w1, we will call the look-ahead word.</S>","['method_citation','results_citation']"
10,J01-2004,P05-1022,0,"Roark, 2001",0,"A good example of this is the Roark parser (Roark, 2001) which works left-to right through the sentence, and abjures dynamic programming in favor of a beam search, keeping some large number of possibilities to extend by adding the next word, and then re-pruning","A good example of this is the Roark parser (Roark, 2001) which works left-to-right through the sentence, and abjures dynamic programming in favor of a beam search, keeping some large number of possibilities to extend by adding the next word, and then re-pruning","'297','267','135'","<S sid=""297"" ssid=""53"">The differences between a k-best and a beam-search parser (not to mention the use of dynamic programming) make a running time difference unsurprising.</S><S sid=""267"" ssid=""23"">In addition, we show the average number of rule expansions considered per word, that is, the number of rule expansions for which a probability was calculated (see Roark and Charniak [2000]), and the average number of analyses advanced to the next priority queue per word.</S><S sid=""135"" ssid=""39"">Such methods are nearly always used in conjunction with some form of dynamic programming (henceforth DP).</S>","['method_citation','results_citation']"
11,J01-2004,P05-1022,0,"Roark, 2001",0,"At the end one has a beam-width? s number of best parses (Roark, 2001) .The Collins parser (Collins, 1997) does use dynamic programming in its search","At the end one has a beam-width's number of best parses (Roark, 2001)","'289','124'","<S sid=""289"" ssid=""45"">These results, achieved using very straightforward conditioning events and considering only the left context, are within one to four points of the best published Observed running time on Section 23 of the Penn Treebank, with the full conditional probability model and beam of 10-11, using one 300 MHz UltraSPARC processor and 256MB of RAM of a Sun Enterprise 450. accuracies cited above.'</S><S sid=""124"" ssid=""28"">Each distinct derivation path within the beam has a probability and a stack state associated with it.</S>",['method_citation']
12,J01-2004,P05-1022,0,"Roark, 2001",0,"To put this in perspective, Roark (Roark, 2001) reports oracle results of 0.941 (with the same experimental setup) using his parser to return a variable number of parses","To put this in perspective, Roark (Roark, 2001) reports oracle results of 0.941 (with the same experimental setup) using his parser to return a variable number of parses","'291','282'","<S sid=""291"" ssid=""47"">Also, the parser returns a set of candidate parses, from which we have been choosing the top ranked; if we use an oracle to choose the parse with the highest accuracy from among the candidates (which averaged 70.0 in number per sentence), we find an average labeled precision/recall of 94.1, for sentences of length &lt; 100.</S><S sid=""282"" ssid=""38"">Like the nonlexicalized parser in Roark and Johnson (1999), we found that the search efficiency, in terms of number of rule expansions considered or number of analyses advanced, also improved as we increased the amount of conditioning.</S>",['method_citation']
13,J01-2004,P04-1006,0,"Roark, 2001",0,"We ran the first stage parser with 4-timesoverparsing for each string in 7The n? best lists were provided by Brian Roark (Roark, 2001) 8A local-tree is an explicit expansion of an edge and its children","The n-best lists were provided by Brian Roark (Roark, 2001)","'355','372'","<S sid=""355"" ssid=""111"">In order to get a sense of whether these perplexity reduction results can translate to improvement in a speech recognition task, we performed a very small preliminary experiment on n-best lists.</S><S sid=""372"" ssid=""128"">The small size of our training data, as well as the fact that we are rescoring n-best lists, rather than working directly on lattices, makes comparison with the other models not particularly informative.</S>",['results_citation']
14,J01-2004,P05-1063,0,"Roark, 2001a",0,"Incremental top down and left-corner parsing (Roark, 2001a; Roark, 2001b) and head-driven parsing (Charniak, 2001) approaches have directly used generative PCFG models as language models","Incremental top-down and left-corner parsing (Roark, 2001a; Roark, 2001b) and head-driven parsing (Charniak, 2001) approaches have directly used generative PCFG models as language models",'77',"<S sid=""77"" ssid=""35"">See that paper for more discussion of the benefits of Two parse trees: (a) a complete left-factored parse tree with epsilon productions and an explicit stop symbol; and (b) a partial left-factored parse tree. factorization for top-down and left-corner parsing.</S>",['method_citation']
15,J01-2004,W10-2009,0,"Roark, 2001",0,"Levy, on the other hand ,argued that studies of probabilistic parsing reveal that typically a small number of analyses are as signed the majority of probability mass (Roark, 2001)","Levy, on the other hand, argued that studies of probabilistic parsing reveal that typically a small number of analyses are assigned the majority of probability mass (Roark, 2001)",'59',"<S sid=""59"" ssid=""17"">A PCFG is a CFG with a probability assigned to each rule; specifically, each righthand side has a probability given the left-hand side of the rule.</S>",['method_citation']
17,J01-2004,D09-1034,0,2001,0,"For example, in Demberg and Keller (2008), trials were run deriving surprisal from the Roark (2001) parser under two different conditions: fully lex icalized parsing, and fully unlexicalized parsing (to pre-terminal part-of-speech tags)","For example, in Demberg and Keller (2008), trials were run deriving surprisal from the Roark (2001) parser under two different conditions: fully lexicalized parsing, and fully unlexicalized parsing (to pre-terminal part-of-speech tags)","'108','363','37'","<S sid=""108"" ssid=""12"">Another approach that uses syntactic structure for language modeling has been to use a shift-reduce parser to &amp;quot;surface&amp;quot; c-commanding phrasal headwords or part-of-speech (POS) tags from arbitrarily far back in the prefix string, for use in a trigram-like model.</S><S sid=""363"" ssid=""119"">Splitting of the contractions is critical for parsing, since the two parts oftentimes (as in the previous example) fall in different constituents.</S><S sid=""37"" ssid=""25"">Thus, our top-down parser makes it very easy to condition the probabilistic grammar on an arbitrary number of values extracted from the rooted, fully specified derivation.</S>",['results_citation']
18,J01-2004,D09-1034,0,2001,0,"We modified the Roark (2001) parser to calculate the discussed measures 1, and the empirical results in? 4 show several things, including: 1) using a fully lexicalized parser to calculate syntactic surprisal and entropy provides higher predictive utility for reading times than these measures calculated via unlexicalized parsing (as in Demberg and Keller); and 2) syntactic entropy is a useful predictor of reading time","We modified the Roark (2001) parser to calculate the discussed measures, and the empirical results in ?4 show several things, including: 1) using a fully lexicalized parser to calculate syntactic surprisal and entropy provides higher predictive utility for reading times than these measures calculated via unlexicalized parsing (as in Demberg and Keller); and 2) syntactic entropy is a useful predictor of reading time","'107','41'","<S sid=""107"" ssid=""11"">Interpolating the observed bigram probabilities with these calculated bigrams led, in both cases, to improvements in word error rate over using the observed bigrams alone, demonstrating that there is some benefit to using these syntactic language models to generalize beyond observed n-grams.</S><S sid=""41"" ssid=""29"">There will also be a brief review of previous work using syntactic information for language modeling, before we introduce our model in Section 4.</S>",['method_citation']
19,J01-2004,D09-1034,0,2001,0,"In this section, we review relevant details of the Roark (2001) incremental top-down parser, as configured for use here","In this section, we review relevant details of the Roark (2001) incremental top-down parser, as configured for use here","'31','41','402'","<S sid=""31"" ssid=""19"">Thus, our top-down parser allows for the incremental calculation of generative conditional word probabilities, a property it shares with other left-to-right parsers with rooted derivations such as Earley parsers (Earley 1970) or left-corner parsers (Rosenkrantz and Lewis 11 1970).</S><S sid=""41"" ssid=""29"">There will also be a brief review of previous work using syntactic information for language modeling, before we introduce our model in Section 4.</S><S sid=""402"" ssid=""15"">In fact, left-corner parsing can be simulated by a top-down parser by transforming the grammar, as was done in Roark and Johnson (1999), and so an approach very similar to the one outlined here could be used in that case.</S>",['method_citation']
20,J01-2004,D09-1034,0,2001,0,"At each word in the string, the Roark (2001) top-down parser provides access to the weighted set of partial analyses in the beam; the set of complete derivations consistent with these is not immediately accessible, hence additional work is re quired to calculate such measures. Let H (D) be the entropy over a set of derivations D, calculated as follows: H (D)=? X D? D? (D) P D?? D? (D?) log? (D) P D?? D? (D?) (10) If the set of derivations D= D (G, W [1, i]) is a set of partial derivations for string W [1, i], then H (D) is a measure of uncertainty over the partial derivations ,i.e., the uncertainty regarding the correct analysis of what has already been processed","At each word in the string, the Roark (2001) top-down parser provides access to the weighted set of partial analyses in the beam; the set of complete derivations consistent with these is not immediately accessible, hence additional work is required to calculate such measures","'310','21','25'","<S sid=""310"" ssid=""66"">This is a subset of the possible leftmost partial derivations with respect to the prefix string W. Since RV is produced by expanding only analyses on priority queue H;', the set of complete trees consistent with the partial derivations on priority queue Ht is a subset of the set of complete trees consistent with the partial derivations on priority queue HT'', that is, the total probability mass represented by the priority queues is monotonically decreasing.</S><S sid=""21"" ssid=""9"">First, the top-down parsing algorithm builds a set of rooted candidate parse trees from left to right over the string, which allows it to calculate a generative probability for each prefix string from the probabilistic grammar, and hence a conditional probability for each word given the previous words and the probabilistic grammar.</S><S sid=""25"" ssid=""13"">A parser that is not left to right, but which has rooted derivations, e.g., a headfirst parser, will be able to calculate generative joint probabilities for entire strings; however, it will not be able to calculate probabilities for each word conditioned on previously generated words, unless each derivation generates the words in the string in exactly the same order.</S>",['method_citation']
