Citance Number,Reference Article,Citing Article,Citation Marker Offset,Citation Marker,Citation Offset,Citation Text,Citation Text Clean,Reference Offset,Reference Text,Discourse Facet
1,P87-1015,P01-1018,0,1987,0,"The approach that Vijay-Shanker et al (1987) and Weir (1988) take, elaborated on by Becker et al (1992), is to identify a very general class of formalisms, which they call linear context free rewriting systems (CFRSs), and define for this class a large space of structural descriptions which serves as a common ground in which the strong generative capacities of these formalisms can be compared","The approach that Vijay-Shanker et al (1987) and Weir (1988) take, elaborated on by Becker et al (1992), is to identify a very general class of formalisms, which they call linear context free rewriting systems (CFRSs), and define for this class a large space of structural descriptions which serves as a common ground in which the strong generative capacities of these formalisms can be compared","'2','92','207','4'","<S sid=""2"" ssid=""2"">In considering the relationship between formalisms, we show that it is useful to abstract away from the details of the formalism, and examine the nature of their derivation process as reflected by properties their trees. find that several of the formalisms considered can be seen as being closely related since they have derivation tree sets with the same structure as those produced by Context-Free Grammars On the basis of this observation, we describe a class of formalisms which we call Linear Context- Free Rewriting Systems, and show they are recognizable in polynomial time and generate only semilinear languages.</S><S sid=""92"" ssid=""77"">We loosely describe the class of all such systems as Linear Context-Free Rewriting Formalisms.</S><S sid=""207"" ssid=""13"">We outlined the definition of a family of constrained grammatical formalisms, called Linear Context-Free Rewriting Systems.</S><S sid=""4"" ssid=""2"">Little attention, however, has been paid to the structural descriptions that these formalisms can assign to strings, i.e. their strong generative capacity.</S>","['hypothesis_citation','results_citation']"
2,P87-1015,E09-1055,0,"Vijay-Shanker et al, 1987",0,"Here we use the standard definition of LCFRS (Vijay-Shanker et al, 1987) and only fix our notation; for a more thorough discussion of this formal ism, we refer to the literature. Let G be an LCFRS","Here we use the standard definition of LCFRS (Vijay-Shanker et al, 1987) and only fix our notation; for a more thorough discussion of this formal ism, we refer to the literature. Let G be an LCFRS","'146','230'","<S sid=""146"" ssid=""31"">Since every CFL is known to be semilinear (Parikh, 1966), in order to show semilinearity of some language, we need only show the existence of a letter equivalent CFL Our definition of LCFRS's insists that the composition operations are linear and nonerasing.</S><S sid=""230"" ssid=""36"">LCFRS's have only been loosely defined in this paper; we have yet to provide a complete set of formal properties associated with members of this class.</S>",['results_citation']
3,P87-1015,W07-2214,0,"Vijay-Shanker et al, 1987",0,"There are many (structural) mildly context sensitive grammar formalisms ,e.g .mcfg ,lcfrs, mg, and they have been shown to be equivalent (Vijay-Shanker et al., 1987)","There are many (structural) mildly context sensitive grammar formalisms ,e.g .mcfg ,lcfrs, mg, and they have been shown to be equivalent (Vijay-Shanker et al., 1987)","'214','119','4'","<S sid=""214"" ssid=""20"">LCFRS's share several properties possessed by the class of mildly context-sensitive formalisms discussed by Joshi (1983/85).</S><S sid=""119"" ssid=""4"">In defining LCFRS's, we hope to generalize the definition of CFG's to formalisms manipulating any structure, e.g. strings, trees, or graphs.</S><S sid=""4"" ssid=""2"">Little attention, however, has been paid to the structural descriptions that these formalisms can assign to strings, i.e. their strong generative capacity.</S>","['hypothesis_citation','method_citation']"
4,P87-1015,P09-2003,0,,0,"They are in particular more powerful than linear context-free rewriting systems (LCFRS) (Vijay-Shanker et al, 1987)","They are in particular more powerful than linear context-free rewriting systems (LCFRS) (Vijay-Shanker et al, 1987)","'118','92','207','2'","<S sid=""118"" ssid=""3"">In the remainder of the paper, we outline how a class of Linear Context-Free Rewriting Systems (LCFRS's) may be defined and sketch how semilinearity and polynomial recognition of these systems follows.</S><S sid=""92"" ssid=""77"">We loosely describe the class of all such systems as Linear Context-Free Rewriting Formalisms.</S><S sid=""207"" ssid=""13"">We outlined the definition of a family of constrained grammatical formalisms, called Linear Context-Free Rewriting Systems.</S><S sid=""2"" ssid=""2"">In considering the relationship between formalisms, we show that it is useful to abstract away from the details of the formalism, and examine the nature of their derivation process as reflected by properties their trees. find that several of the formalisms considered can be seen as being closely related since they have derivation tree sets with the same structure as those produced by Context-Free Grammars On the basis of this observation, we describe a class of formalisms which we call Linear Context- Free Rewriting Systems, and show they are recognizable in polynomial time and generate only semilinear languages.</S>","['hypothesis_citation','results_citation']"
5,P87-1015,P09-1111,0,"Vijay-Shanker et al, 1987",0,"Following this line, (Vijay-Shanker et al, 1987) have introduced a formalism called linear context-free rewriting systems (LCFRSs) that has received much attention in later years by the community","Following this line, (Vijay-Shanker et al, 1987) have introduced a formalism called linear context-free rewriting systems (LCFRSs) that has received much attention in later years by the community","'207','92','118'","<S sid=""207"" ssid=""13"">We outlined the definition of a family of constrained grammatical formalisms, called Linear Context-Free Rewriting Systems.</S><S sid=""92"" ssid=""77"">We loosely describe the class of all such systems as Linear Context-Free Rewriting Formalisms.</S><S sid=""118"" ssid=""3"">In the remainder of the paper, we outline how a class of Linear Context-Free Rewriting Systems (LCFRS's) may be defined and sketch how semilinearity and polynomial recognition of these systems follows.</S>","['hypothesis_citation','method_citation']"
6,P87-1015,P09-1111,0,"Vijay-Shanker et al, 1987",0,"We briefly summarize here the terminology and notation that we adopt for LCFRS; for detailed definitions, see (Vijay-Shanker et al, 1987)","We briefly summarize here the terminology and notation that we adopt for LCFRS; for detailed definitions, see (Vijay-Shanker et al, 1987)","'221','122'","<S sid=""221"" ssid=""27"">Members of LCFRS whose operations have this property can be translated into the ILFP notation (Rounds, 1985).</S><S sid=""122"" ssid=""7"">These operations, as we see below, are restricted to be size preserving (as in the case of concatenation in CFG) which implies that they will be linear and non-erasing.</S>",['method_citation']
7,P87-1015,P07-1021,0,"Vijay-Shanker et al, 1987",0,"We write REGD.k/ to refer to the class of regular dependency languages with a gap-degree bounded by k. Linear Context-Free Rewriting Systems Gap-restricted dependency languages are closely related to Linear Context-Free Rewriting Systems (lcfrs) (Vijay-Shanker et al, 1987), a class of formal systems that generalizes several mildly context-sensitive grammar formalisms","Linear Context-Free Rewriting Systems Gap-restricted dependency languages are closely related to Linear Context-Free Rewriting Systems (lcfrs) (Vijay-Shanker et al, 1987), a class of formal systems that generalizes several mildly context-sensitive grammar formalisms","'92','2','207','118'","<S sid=""92"" ssid=""77"">We loosely describe the class of all such systems as Linear Context-Free Rewriting Formalisms.</S><S sid=""2"" ssid=""2"">In considering the relationship between formalisms, we show that it is useful to abstract away from the details of the formalism, and examine the nature of their derivation process as reflected by properties their trees. find that several of the formalisms considered can be seen as being closely related since they have derivation tree sets with the same structure as those produced by Context-Free Grammars On the basis of this observation, we describe a class of formalisms which we call Linear Context- Free Rewriting Systems, and show they are recognizable in polynomial time and generate only semilinear languages.</S><S sid=""207"" ssid=""13"">We outlined the definition of a family of constrained grammatical formalisms, called Linear Context-Free Rewriting Systems.</S><S sid=""118"" ssid=""3"">In the remainder of the paper, we outline how a class of Linear Context-Free Rewriting Systems (LCFRS's) may be defined and sketch how semilinearity and polynomial recognition of these systems follows.</S>","['hypothesis_citation','results_citation']"
8,P87-1015,N09-1061,0,"Vijay-Shanker et al, 1987",0,"This observation is in line with empirical studies in the context of dependency parsing, where the need for formalisms with higher fan-out has been observed even in standard, single language texts (Kuhlmann and Nivre, 2006) .In this paper, we present an algorithm that computes optimal decompositions of rules in the formalism of Linear Context-Free Rewriting Systems (LCFRS) (Vijay-Shanker et al, 1987)","This observation is in line with empirical studies in the context of dependency parsing, where the need for formalisms with higher fan-out has been observed even in standard, single language texts (Kuhlmann and Nivre, 2006). In this paper, we present an algorithm that computes optimal decompositions of rules in the formalism of Linear Context-Free Rewriting Systems (LCFRS) (Vijay-Shanker et al, 1987)","'118','2','92'","<S sid=""118"" ssid=""3"">In the remainder of the paper, we outline how a class of Linear Context-Free Rewriting Systems (LCFRS's) may be defined and sketch how semilinearity and polynomial recognition of these systems follows.</S><S sid=""2"" ssid=""2"">In considering the relationship between formalisms, we show that it is useful to abstract away from the details of the formalism, and examine the nature of their derivation process as reflected by properties their trees. find that several of the formalisms considered can be seen as being closely related since they have derivation tree sets with the same structure as those produced by Context-Free Grammars On the basis of this observation, we describe a class of formalisms which we call Linear Context- Free Rewriting Systems, and show they are recognizable in polynomial time and generate only semilinear languages.</S><S sid=""92"" ssid=""77"">We loosely describe the class of all such systems as Linear Context-Free Rewriting Formalisms.</S>","['hypothesis_citation','results_citation']"
9,P87-1015,N09-1061,0,1987,0,"We briefly summarize the terminology and notation that we adopt for LCFRS; for detailed definitions, see Vijay-Shanker et al (1987)","We briefly summarize the terminology and notation that we adopt for LCFRS; for detailed definitions, see Vijay-Shanker et al (1987)","'221','122'","<S sid=""221"" ssid=""27"">Members of LCFRS whose operations have this property can be translated into the ILFP notation (Rounds, 1985).</S><S sid=""122"" ssid=""7"">These operations, as we see below, are restricted to be size preserving (as in the case of concatenation in CFG) which implies that they will be linear and non-erasing.</S>",['method_citation']
10,P87-1015,W10-1407,0,"Vijay-Shanker et al, 1987",0,"LCFRS (Vijay-Shanker et al, 1987) are anatural extension of CFG in which a single nonterminal node can dominate more than one continuous span of terminals","LCFRS (Vijay-Shanker et al, 1987) are a natural extension of CFG in which a single nonterminal node can dominate more than one continuous span of terminals","'60','74','209','54'","<S sid=""60"" ssid=""45"">Gazdar (1985) considers a restriction of IG's in which no more than one nonterminal on the right-hand-side of a production can inherit the stack from the left-hand-side.</S><S sid=""74"" ssid=""59"">An extension of the TAG system was introduced by Joshi et al. (1975) and later redefined by Joshi (1987) in which the adjunction operation is defined on sets of elementary trees rather than single trees.</S><S sid=""209"" ssid=""15"">Like HG's, TAG's, and MCTAG's, members of LCFRS can manipulate structures more complex than terminal strings and use composition operations that are more complex that concatenation.</S><S sid=""54"" ssid=""39"">An IG can be viewed as a CFG in which each nonterminal is associated with a stack.</S>",['method_citation']
11,P87-1015,W10-1407,0,"Vijay-Shanker et al, 1987",0,"A LCFRS (Vijay-Shanker et al, 1987) is a tuple G= (N, T, V, P, S )wherea) N is a finite set of non-terminals with a function dim: N? N that determines the fan-out of each A? N; b) T and V are disjoint finite sets of terminals and variables; c) S? N is the start symbol with dim (S)= 1; d) P is a finite set of rewriting rules A (? 1,..","A LCFRS (Vijay-Shanker et al, 1987) is a tuple G= (N, T, V, P, S ) where N is a finite set of non-terminals with a function dim: N? N that determines the fan-out of each A? N; b) T and V are disjoint finite sets of terminals and variables; c) S? N is the start symbol with dim (S)= 1; d) P is a finite set of rewriting rules A (? 1,..","'175','183'","<S sid=""175"" ssid=""60"">M works in space S(n) if for every string that M accepts no configuration exceeds space S(n).</S><S sid=""183"" ssid=""68"">We assume that M is in an existential state qA, with integers i1 and i2 representing zi in the (2i &#8212; 1)th and 22th work tape, for 1 &lt; i &lt; k. For each rule p : A fp(B, C) such that fp is mapped onto the function fp defined by the following rule. jp((xi,.. &#8226; ,rnt), (1ii, &#8226; &#8226; &#8226; &#8226; Yn3))= (Zi , &#8226; &#8226; &#8226; , Zk) M breaks xi , zk into substrings xi, , xn, and yi,...,y&amp;quot; conforming to the definition of fp.</S>",['method_citation']
12,P87-1015,E09-1053,0,1987,0,"In particular, we cast new light on the relationship between CCG and other mildly context-sensitive formalisms such as Tree-Adjoining Grammar (TAG; Joshi and Schabes (1997)) and Linear Context-Free Rewrite Systems (LCFRS; Vijay-Shanker et al (1987))","In particular, we cast new light on the relationship between CCG and other mildly context-sensitive formalisms such as Tree-Adjoining Grammar (TAG; Joshi and Schabes (1997)) and Linear Context-Free Rewrite Systems (LCFRS; Vijay-Shanker et al (1987))","'2','92','207'","<S sid=""2"" ssid=""2"">In considering the relationship between formalisms, we show that it is useful to abstract away from the details of the formalism, and examine the nature of their derivation process as reflected by properties their trees. find that several of the formalisms considered can be seen as being closely related since they have derivation tree sets with the same structure as those produced by Context-Free Grammars On the basis of this observation, we describe a class of formalisms which we call Linear Context- Free Rewriting Systems, and show they are recognizable in polynomial time and generate only semilinear languages.</S><S sid=""92"" ssid=""77"">We loosely describe the class of all such systems as Linear Context-Free Rewriting Formalisms.</S><S sid=""207"" ssid=""13"">We outlined the definition of a family of constrained grammatical formalisms, called Linear Context-Free Rewriting Systems.</S>","['hypothesis_citation','results_citation']"
13,P87-1015,E09-1053,0,"Vijay-Shanker et al, 1987",0,"2 By this result, CCG falls in line with context-free grammars, TAG, and LCFRS, whose sets of deriva tional structures are all regular (Vijay-Shanker et al., 1987)","By this result, CCG falls in line with context-free grammars, TAG, and LCFRS, whose sets of derivational structures are all regular (Vijay-Shanker et al., 1987)","'50','19'","<S sid=""50"" ssid=""35"">The work of Rounds (1969) shows that the path sets of trees derived by IG's (like those of TAG's) are context-free languages.</S><S sid=""19"" ssid=""4"">It can be easily shown from Thatcher's result that the path set of every local set is a regular set.</S>",['results_citation']
14,P87-1015,E09-1053,0,"Vijay-Shanker et al, 1987",0,"It is important to note that while CCG derivations themselves can be seen as trees as well, they do not always form regular tree languages (Vijay-Shanker et al, 1987)","It is important to note that while CCG derivations themselves can be seen as trees as well, they do not always form regular tree languages (Vijay-Shanker et al, 1987)","'78','55','93'","<S sid=""78"" ssid=""63"">Each member of a set of trees can be adjoined into distinct nodes of trees in a single elementary tree set, i.e, derivations always involve the adjunction of a derived auxiliary tree set into an elementary tree set.</S><S sid=""55"" ssid=""40"">Each production can push or pop symbols on the stack as can be seen in the following productions that generate tree of the form shown in Figure 4b.</S><S sid=""93"" ssid=""78"">As is described in Section 4, the property of having a derivation tree set that is a local set appears to be useful in showing important properties of the languages generated by the formalisms.</S>","['hypothesis_citation','method_citation','results_citation']"
15,P87-1015,N10-1035,0,1987,0,"On this line of investigation, mildly context-sensitive grammar formalisms have been introduced (Joshi,1985), including, among several others, the tree ad joining grammars (TAGs) of Joshi et al (1975) .Linear context-free rewriting system (LCFRS), introduced by Vijay-Shanker et al (1987), is a mildly context-sensitive formalism that allows the derivation of tuples of strings ,i.e., discontinuous phrases","On this line of investigation, mildly context-sensitive grammar formalisms have been introduced (Joshi,1985), including, among several others, the tree ad joining grammars (TAGs) of Joshi et al (1975). Linear context-free rewriting system (LCFRS), introduced by Vijay-Shanker et al (1987), is a mildly context-sensitive formalism that allows the derivation of tuples of strings, i.e., discontinuous phrases","'214','2'","<S sid=""214"" ssid=""20"">LCFRS's share several properties possessed by the class of mildly context-sensitive formalisms discussed by Joshi (1983/85).</S><S sid=""2"" ssid=""2"">In considering the relationship between formalisms, we show that it is useful to abstract away from the details of the formalism, and examine the nature of their derivation process as reflected by properties their trees. find that several of the formalisms considered can be seen as being closely related since they have derivation tree sets with the same structure as those produced by Context-Free Grammars On the basis of this observation, we describe a class of formalisms which we call Linear Context- Free Rewriting Systems, and show they are recognizable in polynomial time and generate only semilinear languages.</S>","['hypothesis_citation','results_citation']"
16,P87-1015,P12-1053,0,1987,0,"CFTG are weakly equivalent to the simple macro grammars of Fischer (1968), which are a notational variant of the well-nested linear context-free rewriting systems (LCFRS) of Vijay-Shanker et al (1987) and the well-nested multiple context-free grammars (MCFG) of Seki et al (1991) .3 Thus, CFTG are mildly context-sensitive since their generated string languages are semi-linear and can be parsed in polynomial time (Go ?mez-Rodr? ?guez et al, 2010)","CFTG are weakly equivalent to the simple macro grammars of Fischer (1968), which are a notational variant of the well-nested linear context-free rewriting systems (LCFRS) of Vijay-Shanker et al (1987) and the well-nested multiple context-free grammars (MCFG) of Seki et al (1991)","'92','118','207'","<S sid=""92"" ssid=""77"">We loosely describe the class of all such systems as Linear Context-Free Rewriting Formalisms.</S><S sid=""118"" ssid=""3"">In the remainder of the paper, we outline how a class of Linear Context-Free Rewriting Systems (LCFRS's) may be defined and sketch how semilinearity and polynomial recognition of these systems follows.</S><S sid=""207"" ssid=""13"">We outlined the definition of a family of constrained grammatical formalisms, called Linear Context-Free Rewriting Systems.</S>","['hypothesis_citation','method_citation']"
