Citance Number,Reference Article,Citing Article,Citation Marker Offset,Citation Marker,Citation Offset,Citation Text,Citation Text Clean,Reference Offset,Reference Text,Discourse Facet
2,A00-2018,N10-1002,0,"Charniak, 2000",0,"As a benchmark VPC extraction system, we use the Charniak parser (Charniak, 2000)","As a benchmark VPC extraction system, we use the Charniak parser (Charniak, 2000)","'19','30','89','91'","<S sid=""19"" ssid=""8"">The method we use follows that of [10].</S><S sid=""30"" ssid=""19"">Thus we would use p(L2 I L1, M, 1, t, h, H).</S><S sid=""89"" ssid=""58"">(Actually, we use a minor variant described in [4].)</S><S sid=""91"" ssid=""2"">As the generative model is top-down and we use a standard bottom-up best-first probabilistic chart parser [2,7], we use the chart parser as a first pass to generate candidate possible parses to be evaluated in the second pass by our probabilistic model.</S>",
3,A00-2018,W11-0610,0,"Charniak, 2000",0,"Each of these scores can be calculated from a provided syntactic parse tree, and to generate these we made use of the Charniakparser (Charniak, 2000), also trained on the Switch board tree bank","Each of these scores can be calculated from a provided syntactic parse tree, and to generate these we made use of the Charniak parser (Charniak, 2000), also trained on the Switch board tree bank","'91','1','5','115'","<S sid=""91"" ssid=""2"">As the generative model is top-down and we use a standard bottom-up best-first probabilistic chart parser [2,7], we use the chart parser as a first pass to generate candidate possible parses to be evaluated in the second pass by our probabilistic model.</S><S sid=""1"" ssid=""1"">We present a new parser for parsing down to Penn tree-bank style parse trees that achieves 90.1% average precision/recall for sentences of 40 and less, and for of length 100 and less when trained and tested on the previously established [5,9,10,15,17] &amp;quot;standard&amp;quot; sections of the Wall Street Journal treebank.</S><S sid=""5"" ssid=""1"">We present a new parser for parsing down to Penn tree-bank style parse trees [16] that achieves 90.1% average precision/recall for sentences of length &lt; 40, and 89.5% for sentences of length &lt; 100, when trained and tested on the previously established [5,9,10,15,17] &amp;quot;standard&amp;quot; sections of the Wall Street Journal tree-bank.</S><S sid=""115"" ssid=""6"">As noted in [5], that system is based upon a &amp;quot;tree-bank grammar&amp;quot; - a grammar read directly off the training corpus.</S>",
4,A00-2018,W06-3119,0,"Charniak, 2000",0,"We then use Charniak? s parser (Charniak, 2000) to generate the most likely parse tree for each English target sentence in the training corpus","We then use Charniak's parser (Charniak, 2000) to generate the most likely parse tree for each English target sentence in the training corpus","'91','17','47','9'","<S sid=""91"" ssid=""2"">As the generative model is top-down and we use a standard bottom-up best-first probabilistic chart parser [2,7], we use the chart parser as a first pass to generate candidate possible parses to be evaluated in the second pass by our probabilistic model.</S><S sid=""17"" ssid=""6"">In Section 5 we present some results in which the possible expansions of a constituent are fixed in advanced by extracting a tree-bank grammar [3] from the training corpus.</S><S sid=""47"" ssid=""16"">The intuitive idea is that each factor gi is larger than one if the feature in question makes the probability more likely, one if the feature has no effect, and smaller than one if it makes the probability less likely.</S><S sid=""9"" ssid=""5"">The author would like to thank Mark Johnson and all the rest of the Brown Laboratory for Linguistic Information Processing. is s. Then for any s the parser returns the parse ir that maximizes this probability.</S>",
5,A00-2018,N03-2024,0,"Charniak, 2000",0,"We were interested in the occurrence of features such as type and number of premodifiers, presence and type of post modifiers, and form of name reference for people. We constructed a large, automatically annotated corpus by merging the output of Charniak? s statistical parser (Charniak, 2000) with that of the IBM named entity recognition system Nominator (Wacholder et al,1997)","We were interested in the occurrence of features such as type and number of premodifiers, presence and type of post modifiers, and form of name reference for people. We constructed a large, automatically annotated corpus by merging the output of Charniak's statistical parser (Charniak, 2000) with that of the IBM named entity recognition system Nominator (Wacholder et al,1997)","'15','40','16','21'","<S sid=""15"" ssid=""4"">Whenever it is clear to which constituent we are referring we omit the (c) in, e.g., h(c).</S><S sid=""40"" ssid=""9"">In the parser we further assume that features are chosen from certain feature schemata and that every feature is a boolean conjunction of sub-features.</S><S sid=""16"" ssid=""5"">In this notation the above equation takes the following form: Next we describe how we assign a probability to the expansion e of a constituent.</S><S sid=""21"" ssid=""10"">(We assume that all terminal symbols are generated by rules of the form &amp;quot;preterm word&amp;quot; and we treat these as a special case.)</S>",
6,A00-2018,N06-1039,0,"Charniak, 2000",0,"After getting a set of basic clusters, we pass them to an existing statistical parser (Charniak, 2000) and rule-based tree normalizer to obtain a GLARFstructure for each sentence in every article","After getting a set of basic clusters, we pass them to an existing statistical parser (Charniak, 2000) and rule-based tree normalizer to obtain a GLARF structure for each sentence in every article","'91','92','123','24'","<S sid=""91"" ssid=""2"">As the generative model is top-down and we use a standard bottom-up best-first probabilistic chart parser [2,7], we use the chart parser as a first pass to generate candidate possible parses to be evaluated in the second pass by our probabilistic model.</S><S sid=""92"" ssid=""3"">For runs with the generative model based upon Markov grammar statistics, the first pass uses the same statistics, but conditioned only on standard PCFG information.</S><S sid=""123"" ssid=""14"">To avoid repeated evaluations based upon the testing corpus, here our evaluation is based upon sentences of length &lt; 40 from the development corpus.</S><S sid=""24"" ssid=""13"">M(c) is the constituent from which the head lexical item h is obtained according to deterministic rules that pick the head of a constituent from among the heads of its children.</S>",
7,A00-2018,C04-1180,0,2000,0,"The levels of accuracy and robustness recently achieved by statistical parsers (e.g. Collins (1999), Charniak (2000)) have led to their use in a number of NLP applications, such as question-answering (Pasca and Harabagiu, 2001), machine translation (Charniak et al, 2003), sentence simplification (Carroll et al, 1999), and a linguist? s search engine (Resnik and Elkiss, 2003)","The levels of accuracy and robustness recently achieved by statistical parsers (e.g. Collins (1999), Charniak (2000)) have led to their use in a number of NLP applications, such as question-answering (Pasca and Harabagiu, 2001), machine translation (Charniak et al, 2003), sentence simplification (Carroll et al, 1999), and a linguist? s search engine (Resnik and Elkiss, 2003)","'178','9','10','103'","<S sid=""178"" ssid=""5"">The results of [13] achieved by combining the aforementioned three-best parsers also suggest that the limit on tree-bank trained parsers is much higher than previously thought.</S><S sid=""9"" ssid=""5"">The author would like to thank Mark Johnson and all the rest of the Brown Laboratory for Linguistic Information Processing. is s. Then for any s the parser returns the parse ir that maximizes this probability.</S><S sid=""10"" ssid=""6"">That is, the parser implements the function arg maxrp(7r s) = arg maxirp(7r, s) = arg maxrp(w).</S><S sid=""103"" ssid=""14"">In particular, we measure labeled precision (LP) and recall (LR), average number of crossbrackets per sentence (CB), percentage of sentences with zero cross brackets (OCB), and percentage of sentences with &lt; 2 cross brackets (2CB).</S>",
8,A00-2018,W05-0638,0,"Charniak, 2000",0,"In CoNLL-2005, full parsing trees are provided by two full parsers: the Collins parser (Collins, 1999) and the Charniak parser (Charniak, 2000)","In CoNLL-2005, full parsing trees are provided by two full parsers: the Collins parser (Collins, 1999) and the Charniak parser (Charniak, 2000)","'175','117','1','5'","<S sid=""175"" ssid=""2"">This corresponds to an error reduction of 13% over the best previously published single parser results on this test set, those of Collins [9].</S><S sid=""117"" ssid=""8"">Also, the earlier parser uses two techniques not employed in the current parser.</S><S sid=""1"" ssid=""1"">We present a new parser for parsing down to Penn tree-bank style parse trees that achieves 90.1% average precision/recall for sentences of 40 and less, and for of length 100 and less when trained and tested on the previously established [5,9,10,15,17] &amp;quot;standard&amp;quot; sections of the Wall Street Journal treebank.</S><S sid=""5"" ssid=""1"">We present a new parser for parsing down to Penn tree-bank style parse trees [16] that achieves 90.1% average precision/recall for sentences of length &lt; 40, and 89.5% for sentences of length &lt; 100, when trained and tested on the previously established [5,9,10,15,17] &amp;quot;standard&amp;quot; sections of the Wall Street Journal tree-bank.</S>",
9,A00-2018,P05-1065,0,"Charniak, 2000",0,"We also use a standard statistical parser (Charniak, 2000) to provide syntactic analysis","We also use a standard statistical parser (Charniak, 2000) to provide syntactic analysis","'91','88','30','117'","<S sid=""91"" ssid=""2"">As the generative model is top-down and we use a standard bottom-up best-first probabilistic chart parser [2,7], we use the chart parser as a first pass to generate candidate possible parses to be evaluated in the second pass by our probabilistic model.</S><S sid=""88"" ssid=""57"">While we could have smoothed in the same fashion, we choose instead to use standard deleted interpolation.</S><S sid=""30"" ssid=""19"">Thus we would use p(L2 I L1, M, 1, t, h, H).</S><S sid=""117"" ssid=""8"">Also, the earlier parser uses two techniques not employed in the current parser.</S>",
10,A00-2018,P05-1065,0,"Charniak, 2000",0,"For each article, we calculated the per cent age of a) all word instances (tokens) and b) all unique words (types) not on these lists, resulting in three token OOV rate features and three type OOV rate features per article. The parse features are generated using the Charniak parser (Charniak, 2000) trained on the standard Wall Street Journal Treebank corpus","For each article, we calculated the percentage of a) all word instances (tokens) and b) all unique words (types) not on these lists, resulting in three token OOV rate features and three type OOV rate features per article. The parse features are generated using the Charniak parser (Charniak, 2000) trained on the standard Wall Street Journal Treebank corpus","'1','5','95','101'","<S sid=""1"" ssid=""1"">We present a new parser for parsing down to Penn tree-bank style parse trees that achieves 90.1% average precision/recall for sentences of 40 and less, and for of length 100 and less when trained and tested on the previously established [5,9,10,15,17] &amp;quot;standard&amp;quot; sections of the Wall Street Journal treebank.</S><S sid=""5"" ssid=""1"">We present a new parser for parsing down to Penn tree-bank style parse trees [16] that achieves 90.1% average precision/recall for sentences of length &lt; 40, and 89.5% for sentences of length &lt; 100, when trained and tested on the previously established [5,9,10,15,17] &amp;quot;standard&amp;quot; sections of the Wall Street Journal tree-bank.</S><S sid=""95"" ssid=""6"">We guess the preterminals of words that are not observed in the training data using statistics on capitalization, hyphenation, word endings (the last two letters), and the probability that a given pre-terminal is realized using a previously unobserved word.</S><S sid=""101"" ssid=""12"">In keeping with the standard methodology [5, 9,10,15,17], we used the Penn Wall Street Journal tree-bank [16] with sections 2-21 for training, section 23 for testing, and section 24 for development (debugging and tuning).</S>",
11,A00-2018,P04-1040,0,2000,0,"The evaluation of the transformed output of the parsers of Charniak (2000) and Collins (1999) gives 90 %unlabelled and 84 %labelled accuracy with respect to dependencies, when measured against a dependency corpus derived from the Penn Treebank.The paper is organized as follows","The evaluation of the transformed output of the parsers of Charniak (2000) and Collins (1999) gives 90 % unlabelled and 84 % labelled accuracy with respect to dependencies, when measured against a dependency corpus derived from the Penn Treebank. The paper is organized as follows","'123','102','1','5'","<S sid=""123"" ssid=""14"">To avoid repeated evaluations based upon the testing corpus, here our evaluation is based upon sentences of length &lt; 40 from the development corpus.</S><S sid=""102"" ssid=""13"">Performance on the test corpus is measured using the standard measures from [5,9,10,17].</S><S sid=""1"" ssid=""1"">We present a new parser for parsing down to Penn tree-bank style parse trees that achieves 90.1% average precision/recall for sentences of 40 and less, and for of length 100 and less when trained and tested on the previously established [5,9,10,15,17] &amp;quot;standard&amp;quot; sections of the Wall Street Journal treebank.</S><S sid=""5"" ssid=""1"">We present a new parser for parsing down to Penn tree-bank style parse trees [16] that achieves 90.1% average precision/recall for sentences of length &lt; 40, and 89.5% for sentences of length &lt; 100, when trained and tested on the previously established [5,9,10,15,17] &amp;quot;standard&amp;quot; sections of the Wall Street Journal tree-bank.</S>",
12,A00-2018,P04-1040,0,2000,0,"Blaheta and Charniak (2000) presented the first method for assigning Pennfunctional tags to constituents identified by a parser. Pattern-matching approaches were used in (John son, 2002) and (Jijkoun, 2003) to recover non-local dependencies in phrase trees","Blaheta and Charniak (2000) presented the first method for assigning Penn functional tags to constituents identified by a parser. Pattern-matching approaches were used in (Johnson, 2002) and (Jijkoun, 2003) to recover non-local dependencies in phrase trees","'34','18','158','22'","<S sid=""34"" ssid=""3"">Also, remember that H is a pla,ceholder for any other information beyond the constituent c that may be useful in assigning c a probability.</S><S sid=""18"" ssid=""7"">The method that gives the best results, however, uses a Markov grammar &#8212; a method for assigning probabilities to any possible expansion using statistics gathered from the training corpus [6,10,15].</S><S sid=""158"" ssid=""49"">A vp coordinate structure is defined here as a constituent with two or more vp children, one or more of the constituents comma, cc, conjp (conjunctive phrase), and nothing else; coordinate np phrases are defined similarly.</S><S sid=""22"" ssid=""11"">For us the non-terminal symbols are those of the tree-bank, augmented by the symbols aux and auxg, which have been assigned deterministically to certain auxiliary verbs such as &amp;quot;have&amp;quot; or &amp;quot;having&amp;quot;.</S>",
13,A00-2018,P04-1040,0,2000,0,"As an alternative to hard coded heuristics, Blaheta and Charniak (2000) proposed to recover the Penn functional tags automatically","As an alternative to hard coded heuristics, Blaheta and Charniak (2000) proposed to recover the Penn functional tags automatically","'155','23','98','10'","<S sid=""155"" ssid=""46"">For example, in the Penn Treebank a vp with both main and auxiliary verbs has the structure shown in Figure 3.</S><S sid=""23"" ssid=""12"">For each expansion we distinguish one of the right-hand side labels as the &amp;quot;middle&amp;quot; or &amp;quot;head&amp;quot; symbol M(c).</S><S sid=""98"" ssid=""9"">L and R are conditioned on three previous labels so we are using a third-order Markov grammar.</S><S sid=""10"" ssid=""6"">That is, the parser implements the function arg maxrp(7r s) = arg maxirp(7r, s) = arg maxrp(w).</S>",
17,A00-2018,N06-1022,0,2000,0,"The parser of Charniak (2000) is also a two-stage ctf model, where the first stage is a smoothed Markov grammar (it uses up to three previous constituents as context), and the second stage is a lexicalized Markov grammar with extra annotations about parents and grandparents","The parser of Charniak (2000) is also a two-stage ctf model, where the first stage is a smoothed Markov grammar (it uses up to three previous constituents as context), and the second stage is a lexicalized Markov grammar with extra annotations about parents and grandparents","'171','98','129','92'","<S sid=""171"" ssid=""62"">As already noted, our best model uses a Markov-grammar approach.</S><S sid=""98"" ssid=""9"">L and R are conditioned on three previous labels so we are using a third-order Markov grammar.</S><S sid=""129"" ssid=""20"">It makes no use of special maximum-entropyinspired features (though their presence made it much easier to perform these experiments), it does not guess the pre-terminal before guessing the lexical head, and it uses a tree-bank grammar rather than a Markov grammar.</S><S sid=""92"" ssid=""3"">For runs with the generative model based upon Markov grammar statistics, the first pass uses the same statistics, but conditioned only on standard PCFG information.</S>",
18,A00-2018,N06-1022,0,2000,0,"Most recently, McDonald et al (2005) have implemented a dependency parser with good accuracy (it is almost as good at dependency parsing as Charniak (2000)) and very impressive speed (it is about ten times faster than Collins (1997) and four times faster than Charniak (2000))","Most recently, McDonald et al (2005) have implemented a dependency parser with good accuracy (it is almost as good at dependency parsing as Charniak (2000)) and very impressive speed (it is about ten times faster than Collins (1997) and four times faster than Charniak (2000))","'144','119','111','71'","<S sid=""144"" ssid=""35"">This quantity is a relatively intuitive one (as, for example, it is the quantity used in a PCFG to relate words to their pre-terminals) and it seems particularly good to condition upon here since we use it, in effect, as the unsmoothed probability upon which all smoothing of p(h) is based.</S><S sid=""119"" ssid=""10"">(It is &amp;quot;soft&amp;quot; clustering in that a word can belong to more than one cluster with different weights - the weights express the probability of producing the word given that one is going to produce a word from that cluster.)</S><S sid=""111"" ssid=""2"">However, we do not think this aspect is the sole or even the most important reason for its comparative success.</S><S sid=""71"" ssid=""40"">Rather than conditioning each term on the previous ones, they are now conditioned only on those aspects of the history that seem most relevant.</S>",
19,A00-2018,H05-1035,0,"Charniak, 2000",0,"The feature set contains complex information extracted automatically from candidate syntax trees generated by parsing (Charniak, 2000), trees that will be improved by more accurate PP-attachment decisions","The feature set contains complex information extracted automatically from candidate syntax trees generated by parsing (Charniak, 2000), trees that will be improved by more accurate PP-attachment decisions","'152','1','5','91'","<S sid=""152"" ssid=""43"">So, for example, information about an np is conditioned on the parent &#8212; e.g., an s, vp, pp, etc.</S><S sid=""1"" ssid=""1"">We present a new parser for parsing down to Penn tree-bank style parse trees that achieves 90.1% average precision/recall for sentences of 40 and less, and for of length 100 and less when trained and tested on the previously established [5,9,10,15,17] &amp;quot;standard&amp;quot; sections of the Wall Street Journal treebank.</S><S sid=""5"" ssid=""1"">We present a new parser for parsing down to Penn tree-bank style parse trees [16] that achieves 90.1% average precision/recall for sentences of length &lt; 40, and 89.5% for sentences of length &lt; 100, when trained and tested on the previously established [5,9,10,15,17] &amp;quot;standard&amp;quot; sections of the Wall Street Journal tree-bank.</S><S sid=""91"" ssid=""2"">As the generative model is top-down and we use a standard bottom-up best-first probabilistic chart parser [2,7], we use the chart parser as a first pass to generate candidate possible parses to be evaluated in the second pass by our probabilistic model.</S>",
20,A00-2018,P04-1042,0,2000,0,"Note that the dependency figures of Dienes lag behind even the parsed results for Johnson? s model; this may well be due to the fact that Dienes built his model as an extension of Collins (1999), which lags behind Charniak (2000) by about 1.3-1.5% .Manual investigation of errors on English gold standard data revealed two major issues that suggest further potential for improvement in performance without further increase in algorithmic complexity or training set size","Note that the dependency figures of Dienes lag behind even the parsed results for Johnson's model; this may well be due to the fact that Dienes built his model as an extension of Collins (1999), which lags behind Charniak (2000) by about 1.3-1.5%. Manual investigation of errors on English gold standard data revealed two major issues that suggest further potential for improvement in performance without further increase in algorithmic complexity or training set size","'107','17','99','74'","<S sid=""107"" ssid=""18"">The results for the new parser as well as for the previous top-three individual parsers on this corpus are given in Figure 1.</S><S sid=""17"" ssid=""6"">In Section 5 we present some results in which the possible expansions of a constituent are fixed in advanced by extracting a tree-bank grammar [3] from the training corpus.</S><S sid=""99"" ssid=""10"">Also, the label of the parent constituent lp is conditioned upon even when it is not obviously related to the further conditioning events.</S><S sid=""74"" ssid=""43"">Suppose we were, in fact, going to compute a true maximum entropy model based upon the features used in Equation 7, Ii (t,1), f2(t,1,1p), f3(t,1,lp) .</S>",
