Citance Number,Reference Article,Citing Article,Citation Marker Offset,Citation Marker,Citation Offset,Citation Text,Citation Text Clean,Reference Offset,Reference Text,Discourse Facet
1,P04-1036,W04-0837,0,"McCarthy et al, 2004",0,"The first sense heuristic which is often used as a baseline for supervised WSD systems outperforms many of these systems which take surrounding con text into account (McCarthy et al, 2004)","The first sense heuristic which is often used as a baseline for supervised WSD systems outperforms many of these systems which take surrounding context into account (McCarthy et al, 2004)","'8','14','107','2'","<S sid=""8"" ssid=""1"">The first sense heuristic which is often used as a baseline for supervised WSD systems outperforms many of these systems which take surrounding context into account.</S><S sid=""14"" ssid=""7"">Even systems which show superior performance to this heuristic often make use of the heuristic where evidence from the context is not sufficient (Hoste et al., 2001).</S><S sid=""107"" ssid=""5"">To disambiguate senses a system should take context into account.</S><S sid=""2"" ssid=""2"">The problem with using the predominant, or first sense heuristic, aside from the fact that it does not take surrounding context into account, is that it assumes some quantity of handtagged data.</S>",
2,P04-1036,W04-0837,0,"McCarthy et al, 2004",0,"Association for Computational Linguistics for the Semantic Analysis of Text, Barcelona, Spain, July 2004 SENSEVAL-3: Third International Workshop on the Evaluation of Systems PoS precision recall baseline Noun 95 73 45 Verb 79 43 22 Adjective 88 59 44 Adverb 91 72 59 All PoS 90 63 41Table 2: The SENSEVAL-2 first sense on the SEN SEVAL-2 English all-words data system can be tuned to a given genre or domain (McCarthy et al, 2004) and also because there will be words that occur with insufficient frequency inthe hand-tagged resources available","Whilst a first sense heuristic based on a sense-tagged corpus such as SemCor is clearly useful, there is a case for obtaining a first, or predominant, sense from untagged corpus data so that a WSD system can be tuned to a given genre or domain (McCarthy et al., 2004) and also because there will be words that occur with insufficient frequency in the hand-tagged resources available","'15','10','3','154'","<S sid=""15"" ssid=""8"">Whilst a first sense heuristic based on a sense-tagged corpus such as SemCor is clearly useful, there is a strong case for obtaining a first, or predominant, sense from untagged corpus data so that a WSD system can be tuned to the genre or domain at hand.</S><S sid=""10"" ssid=""3"">The senses in WordNet are ordered according to the frequency data in the manually tagged resource SemCor (Miller et al., 1993).</S><S sid=""3"" ssid=""3"">Whilst there are a few hand-tagged corpora available for some languages, one would expect the frequency distribution of the senses of words, particularly topical words, to depend on the genre and domain of the text under consideration.</S><S sid=""154"" ssid=""2"">In contrast, our work is aimed at discovering the predominant senses from raw text because the first sense heuristic is such a useful one, and because handtagged data is not always available.</S>",
3,P04-1036,W04-0837,0,"McCarthy et al, 2004",0,"The method is described in (McCarthy et al, 2004), which we summarise here","The method is described in (McCarthy et al, 2004), which we summarise here","'64','133','109','49'","<S sid=""64"" ssid=""20"">We briefly summarise the two measures here; for a more detailed summary see (Patwardhan et al., 2003).</S><S sid=""133"" ssid=""10"">We acquired thesauruses for these corpora using the procedure described in section 2.1.</S><S sid=""109"" ssid=""7"">We generated a thesaurus entry for all polysemous nouns in WordNet as described in section 2.1 above.</S><S sid=""49"" ssid=""5"">Let be the ordered set of the top scoring neighbours of from the thesaurus with associated distributional similarity scores The thesaurus was acquired using the method described by Lin (1998).</S>",
5,P04-1036,I08-2105,0,"McCarthy et al, 2004",0,"McCarthy et al (2004) use a corpus and word similarities to induce a ranking of word senses from an untagged corpus to be used in WSD.We build upon this previous research, and pro pose an unsupervised WSD method in which senses for two grammatically related words in the sentence will be connected through directed edges",McCarthy et al (2004) use a corpus and word similarities to induce a ranking of word senses from an untagged corpus to be used in WSD,"'0','165','1','41'","<S sid=""0"">Finding Predominant Word Senses in Untagged Text</S><S sid=""165"" ssid=""13"">Lapata and Brew obtain their priors for verb classes directly from subcategorisation evidence in a parsed corpus, whereas we use parsed data to find distributionally similar words (nearest neighbours) to the target word which reflect the different senses of the word and have associated distributional similarity scores which can be used for ranking the senses according to prevalence.</S><S sid=""1"" ssid=""1"">word sense disambiguation the heuristic of choosing the most common sense is extremely powerful because the distribution of the senses of a word is often skewed.</S><S sid=""41"" ssid=""34"">In this paper we describe and evaluate a method for ranking senses of nouns to obtain the predominant sense of a word using the neighbours from automatically acquired thesauruses.</S>",
6,P04-1036,I08-2105,0,"McCarthy et al, 2004",0,"Previous re search in inducing sense rankings from an untagged corpus (McCarthy et al, 2004), and inducing selectional preferences at the word level (for other applications) (Erk, 2007) will provide the starting point for research in this direction","Previous research in inducing sense rankings from an untagged corpus (McCarthy et al, 2004), and inducing selectional preferences at the word level (for other applications) (Erk, 2007) will provide the starting point for research in this direction","'175','0','153','15'","<S sid=""175"" ssid=""23"">We are currently investigating the performance of the first sense heuristic, and this method, for other PoS on SENSEVAL-3 data (McCarthy et al., 2004), although not yet with rankings from domain specific corpora.</S><S sid=""0"">Finding Predominant Word Senses in Untagged Text</S><S sid=""153"" ssid=""1"">Most research in WSD concentrates on using contextual features, typically neighbouring words, to help determine the correct sense of a target word.</S><S sid=""15"" ssid=""8"">Whilst a first sense heuristic based on a sense-tagged corpus such as SemCor is clearly useful, there is a strong case for obtaining a first, or predominant, sense from untagged corpus data so that a WSD system can be tuned to the genre or domain at hand.</S>",
7,P04-1036,I08-2105,0,2004,0,"McCarthy et al (2004) report a disambiguation precision of 53.0% and recall of 49.0% on the Senseval-2 test data, using an approach that derives sense ranking based on word similarity and distributional analysis in a corpus","McCarthy et al (2004) report a disambiguation precision of 53.0% and recall of 49.0% on the Senseval-2 test data, using an approach that derives sense ranking based on word similarity and distributional analysis in a corpus","'188','102','112','175'","<S sid=""188"" ssid=""11"">We want to investigate the effect of frequency and choice of distributional similarity measure (Weeds et al., 2004).</S><S sid=""102"" ssid=""31"">We test this below on the SENSEVAL-2 English all-words data.</S><S sid=""112"" ssid=""10"">We compare results using the first sense listed in SemCor, and the first sense according to the SENSEVAL-2 English all-words test data itself.</S><S sid=""175"" ssid=""23"">We are currently investigating the performance of the first sense heuristic, and this method, for other PoS on SENSEVAL-3 data (McCarthy et al., 2004), although not yet with rankings from domain specific corpora.</S>",
8,P04-1036,P06-1012,0,"McCarthy et al, 2004",0,"Research by (McCarthy et al, 2004) highlighted that the sense priors of a word in a corpus depend on the domain from which the corpus is drawn","Research by (McCarthy et al, 2004) highlighted that the sense priors of a word in a corpus depend on the domain from which the corpus is drawn","'15','163','152','3'","<S sid=""15"" ssid=""8"">Whilst a first sense heuristic based on a sense-tagged corpus such as SemCor is clearly useful, there is a strong case for obtaining a first, or predominant, sense from untagged corpus data so that a WSD system can be tuned to the genre or domain at hand.</S><S sid=""163"" ssid=""11"">Lapata and Brew (2004) have recently also highlighted the importance of a good prior in WSD.</S><S sid=""152"" ssid=""29"">We see that both domains have a similarly high percentage of factotum (domain independent) labels, but as we would expect, the other peaks correspond to the economy label for the FINANCE corpus, and the sports label for the SPORTS corpus. inant senses for 38 polysemous words ranked using the SPORTS and FINANCE corpus.</S><S sid=""3"" ssid=""3"">Whilst there are a few hand-tagged corpora available for some languages, one would expect the frequency distribution of the senses of words, particularly topical words, to depend on the genre and domain of the text under consideration.</S>",
9,P04-1036,P06-1012,0,"McCarthy et al, 2004",0,"In addition, we implemented the unsupervised method of (McCarthy et al, 2004), which cal cu lates a prevalence score for each sense of a word to predict the predominant sense","In addition, we implemented the unsupervised method of (McCarthy et al, 2004), which calculates a prevalence score for each sense of a word to predict the predominant sense","'48','81','46','52'","<S sid=""48"" ssid=""4"">To find the first sense of a word ( ) we take each sense in turn and obtain a score reflecting the prevalence which is used for ranking.</S><S sid=""81"" ssid=""10"">4 We calculate the accuracy of finding the predominant sense, when there is indeed one sense with a higher frequency than the others for this word in SemCor ( ).</S><S sid=""46"" ssid=""2"">This provides the nearest neighbours to each target word, along with the distributional similarity score between the target word and its neighbour.</S><S sid=""52"" ssid=""8"">For each sense of ( ) we obtain a ranking score by summing over the of each neighbour ( ) multiplied by a weight.</S>",
11,P04-1036,P10-1155,0,2004,0,"McCarthy et al (2004) reported that the best results were obtained using k= 50 neighbors and the Wordnet Similarityjcn measure (Jiang and Conrath, 1997)","McCarthy et al (2004) reported that the best results were obtained using k= 50 neighbors and the Wordnet Similarity jcn measure (Jiang and Conrath, 1997)","'79','188','63','80'","<S sid=""79"" ssid=""8"">3 The experimental results reported here are obtained using IC counts from the BNC corpus.</S><S sid=""188"" ssid=""11"">We want to investigate the effect of frequency and choice of distributional similarity measure (Weeds et al., 2004).</S><S sid=""63"" ssid=""19"">We experimented using six of these to provide the in equation 1 above and obtained results well over our baseline, but because of space limitations give results for the two which perform the best.</S><S sid=""80"" ssid=""9"">All the results shown here are those with the size of thesaurus entries ( ) set to 50.</S>",
12,P04-1036,W12-3401,0,2004,0,"In doing so, we provide first results on the application to French parsing of WordNet automatic sense ranking (ASR), using the method of McCarthy et al (2004)","In doing so, we provide first results on the application to French parsing of WordNet automatic sense ranking (ASR), using the method of McCarthy et al (2004)","'175','41','32','178'","<S sid=""175"" ssid=""23"">We are currently investigating the performance of the first sense heuristic, and this method, for other PoS on SENSEVAL-3 data (McCarthy et al., 2004), although not yet with rankings from domain specific corpora.</S><S sid=""41"" ssid=""34"">In this paper we describe and evaluate a method for ranking senses of nouns to obtain the predominant sense of a word using the neighbours from automatically acquired thesauruses.</S><S sid=""32"" ssid=""25"">We describe some related work in section 6 and conclude in section 7. are therefore investigating a method of automatically ranking WordNet senses from raw text.</S><S sid=""178"" ssid=""1"">We have devised a method that uses raw corpus data to automatically find a predominant sense for nouns in WordNet.</S>",
13,P04-1036,W12-3401,0,2004,0,"To define an appropriate categorical distribution over synsets for each 2 lemma x in our source vocabulary, we first use the WordNet resource to identify the set Sx of different senses of x. We then use a distributional thesaurus to perform ASR, which determines the prevalence with respect to x of each sense s? Sx, following the approach of McCarthy et al (2004)","We then use a distributional thesaurus to perform ASR, which determines the prevalence with respect to x of each senses' Sx, following the approach of McCarthy et al (2004)","'188','171','49','165'","<S sid=""188"" ssid=""11"">We want to investigate the effect of frequency and choice of distributional similarity measure (Weeds et al., 2004).</S><S sid=""171"" ssid=""19"">In contrast, we use the neighbours lists and WordNet similarity measures to impose a prevalence ranking on the WordNet senses.</S><S sid=""49"" ssid=""5"">Let be the ordered set of the top scoring neighbours of from the thesaurus with associated distributional similarity scores The thesaurus was acquired using the method described by Lin (1998).</S><S sid=""165"" ssid=""13"">Lapata and Brew obtain their priors for verb classes directly from subcategorisation evidence in a parsed corpus, whereas we use parsed data to find distributionally similar words (nearest neighbours) to the target word which reflect the different senses of the word and have associated distributional similarity scores which can be used for ranking the senses according to prevalence.</S>",
14,P04-1036,W12-3401,0,2004,0,"As explained in Section 2.2, ASR is performed using the method of McCarthy et al (2004)","As explained in Section 2.2, ASR is performed using the method of McCarthy et al (2004)","'29','175','133','168'","<S sid=""29"" ssid=""22"">We discuss our method in the following section.</S><S sid=""175"" ssid=""23"">We are currently investigating the performance of the first sense heuristic, and this method, for other PoS on SENSEVAL-3 data (McCarthy et al., 2004), although not yet with rankings from domain specific corpora.</S><S sid=""133"" ssid=""10"">We acquired thesauruses for these corpora using the procedure described in section 2.1.</S><S sid=""168"" ssid=""16"">They evaluate using the lin measure described above in section 2.2 to determine the precision and recall of these discovered classes with respect to WordNet synsets.</S>",
16,P04-1036,S12-1097,0,"McCarthy et al, 2004",0,"This approach is commonly used as a baseline for word sense disambiguation (McCarthy et al, 2004)","This approach is commonly used as a baseline for word sense disambiguation (McCarthy et al, 2004)","'86','8','85','1'","<S sid=""86"" ssid=""15"">The random baseline for ( ) is 24%.</S><S sid=""8"" ssid=""1"">The first sense heuristic which is often used as a baseline for supervised WSD systems outperforms many of these systems which take surrounding context into account.</S><S sid=""85"" ssid=""14"">Both WordNet similarity measures beat this baseline.</S><S sid=""1"" ssid=""1"">word sense disambiguation the heuristic of choosing the most common sense is extremely powerful because the distribution of the senses of a word is often skewed.</S>",
17,P04-1036,W10-2803,0,"McCarthy et al, 2004",0,"More radical solutions than sense grouping that have been proposed are to restrict the task to determining predominant sense in a given domain (McCarthy et al, 2004), or to work directly with para phrases (McCarthy and Navigli, 2009)","More radical solutions than sense grouping that have been proposed are to restrict the task to determining predominant sense in a given domain (McCarthy et al, 2004), or to work directly with para phrases (McCarthy and Navigli, 2009)","'103','113','162','174'","<S sid=""103"" ssid=""1"">In order to see how well the automatically acquired predominant sense performs on a WSD task from which the WordNet sense ordering has not been taken, we use the SENSEVAL-2 all-words data (Palmer et al., 2001).</S><S sid=""113"" ssid=""11"">For the latter, we only take a first-sense where there is more than one occurrence of the noun in the test data and one sense has occurred more times than any of the others.</S><S sid=""162"" ssid=""10"">It only requires raw text from the given domain and because of this it can easily be applied to a new domain, or sense inventory, given sufficient text.</S><S sid=""174"" ssid=""22"">We have restricted ourselves to nouns in this work, since this PoS is perhaps most affected by domain.</S>",
18,P04-1036,W08-2107,0,2004,0,"In addition, we can also infer a positive contribution of the frequency of a sense with the choice of the first synset returned by Word net resulting in a reasonable WSD heuristic (which is compatible with the results by McCarthy et al (2004))","In addition, we can also infer a positive contribution of the frequency of a sense with the choice of the first synset returned by Word net resulting in a reasonable WSD heuristic (which is compatible with the results by McCarthy et al (2004))","'188','111','175','1'","<S sid=""188"" ssid=""11"">We want to investigate the effect of frequency and choice of distributional similarity measure (Weeds et al., 2004).</S><S sid=""111"" ssid=""9"">We give the results for this WSD task in table 2.</S><S sid=""175"" ssid=""23"">We are currently investigating the performance of the first sense heuristic, and this method, for other PoS on SENSEVAL-3 data (McCarthy et al., 2004), although not yet with rankings from domain specific corpora.</S><S sid=""1"" ssid=""1"">word sense disambiguation the heuristic of choosing the most common sense is extremely powerful because the distribution of the senses of a word is often skewed.</S>",
19,P04-1036,D07-1026,0,"McCarthy et al, 2004",0,"It is worthwhile to remark here that, being the IBLE algorithm fully unsupervised, improving the most frequent baseline is an excellent result, rarely achieved in the literature on unsupervised methods for WSD (McCarthy et al, 2004)","It is worthwhile to remark here that, being the IBLE algorithm fully unsupervised, improving the most frequent baseline is an excellent result, rarely achieved in the literature on unsupervised methods for WSD (McCarthy et al, 2004)","'40','6','8','111'","<S sid=""40"" ssid=""33"">This is because there will be more relational data for the more prevalent senses compared to the less frequent senses.</S><S sid=""6"" ssid=""6"">This is a very promising result given that our method does not require any hand-tagged text, such as SemCor.</S><S sid=""8"" ssid=""1"">The first sense heuristic which is often used as a baseline for supervised WSD systems outperforms many of these systems which take surrounding context into account.</S><S sid=""111"" ssid=""9"">We give the results for this WSD task in table 2.</S>",
20,P04-1036,W12-2429,0,"McCarthy et al, 2004",0,"The first, most frequent sense (MFS) (McCarthy et al, 2004), is widely used baseline for supervised WSD systems","The first, most frequent sense (MFS) (McCarthy et al, 2004), is widely used baseline for supervised WSD systems","'8','40','13','164'","<S sid=""8"" ssid=""1"">The first sense heuristic which is often used as a baseline for supervised WSD systems outperforms many of these systems which take surrounding context into account.</S><S sid=""40"" ssid=""33"">This is because there will be more relational data for the more prevalent senses compared to the less frequent senses.</S><S sid=""13"" ssid=""6"">The high performance of the first sense baseline is due to the skewed frequency distribution of word senses.</S><S sid=""164"" ssid=""12"">They used syntactic evidence to find a prior distribution for verb classes, based on (Levin, 1993), and incorporate this in a WSD system.</S>",
