Citance Number,Reference Article,Citing Article,Citation Marker Offset,Citation Marker,Citation Offset,Citation Text,Citation Text Clean,Reference Offset,Reference Text,Discourse Facet
1,P08-1043,C10-1045,0,2008,0,"Finally, we note that simple weighting gives nearly a 2% F1 improvement, whereas Goldberg and Tsarfaty (2008) found that unweighted lattices were more effective for Hebrew","Finally, we note that simple weighting gives nearly a 2% F1 improvement, whereas Goldberg and Tsarfaty (2008) found that unweighted lattices were more effective for Hebrew","'33','153','161','21'","<S sid=""33"" ssid=""12"">The current work treats both segmental and super-segmental phenomena, yet we note that there may be more adequate ways to treat supersegmental phenomena assuming Word-Based morphology as we explore in (Tsarfaty and Goldberg, 2008).</S><S sid=""153"" ssid=""31"">Finally, model GTv = 2 includes parent annotation on top of the various state-splits, as is done also in (Tsarfaty and Sima&#8217;an, 2007; Cohen and Smith, 2007).</S><S sid=""161"" ssid=""39"">We report the F1 value of both measures.</S><S sid=""21"" ssid=""17"">Morphological segmentation decisions in our model are delegated to a lexeme-based PCFG and we show that using a simple treebank grammar, a data-driven lexicon, and a linguistically motivated unknown-tokens handling our model outperforms (Tsarfaty, 2006) and (Cohen and Smith, 2007) on the joint task and achieves state-of-the-art results on a par with current respective standalone models.2</S>",
2,P08-1043,P11-1141,0,2008,0,Goldberg and Tsarfaty (2008) showed that a single model for morphological segmentation and syntactic parsing of Hebrew yielded an error reduction of 12% over the best pipelined models,Goldberg and Tsarfaty (2008) showed that a single model for morphological segmentation and syntactic parsing of Hebrew yielded an error reduction of 12% over the best pipelined models,"'0','4','186','19'","<S sid=""0"">A Single Generative Model for Joint Morphological Segmentation and Syntactic Parsing</S><S sid=""4"" ssid=""4"">Using a treebank grammar, a data-driven lexicon, and a linguistically motivated unknown-tokens handling technique our model outperforms previous pipelined, integrated or factorized systems for Hebrew morphological and syntactic processing, yielding an error reduction of 12% over the best published results so far.</S><S sid=""186"" ssid=""24"">This fully generative model caters for real interaction between the syntactic and morphological levels as a part of a single coherent process.</S><S sid=""19"" ssid=""15"">Here we push the single-framework conjecture across the board and present a single model that performs morphological segmentation and syntactic disambiguation in a fully generative framework.</S>",
3,P08-1043,P10-1074,0,2008,0,"Zhang and Clark (2008) built a perceptron-based joint segmenter and part-of-speech (POS) tagger for Chinese, and Toutanova and Cherry (2009) learned a joint model of lemmatization and POS tagging which outperformed a pipelined model. Adler and Elhadad (2006) presented an HMMbased approach for unsupervised joint morphological segmentation and tagging of Hebrew, and Goldberg and Tsarfaty (2008) developed a joint model of segmentation, tagging and parsing of He brew, based on lattice parsing","Zhang and Clark (2008) built a perceptron-based joint segmenter and part-of-speech (POS) tagger for Chinese, and Toutanova and Cherry (2009) learned a joint model of lemmatization and POS tagging which outperformed a pipelined model. Adler and Elhadad (2006) presented an HMM-based approach for unsupervised joint morphological segmentation and tagging of Hebrew, and Goldberg and Tsarfaty (2008) developed a joint model of segmentation, tagging and parsing of Hebrew, based on lattice parsing","'0','21','52','51'","<S sid=""0"">A Single Generative Model for Joint Morphological Segmentation and Syntactic Parsing</S><S sid=""21"" ssid=""17"">Morphological segmentation decisions in our model are delegated to a lexeme-based PCFG and we show that using a simple treebank grammar, a data-driven lexicon, and a linguistically motivated unknown-tokens handling our model outperforms (Tsarfaty, 2006) and (Cohen and Smith, 2007) on the joint task and achieves state-of-the-art results on a par with current respective standalone models.2</S><S sid=""52"" ssid=""10"">Cohen and Smith (2007) later on based a system for joint inference on factored, independent, morphological and syntactic components of which scores are combined to cater for the joint inference task.</S><S sid=""51"" ssid=""9"">Tsarfaty (2006) used a morphological analyzer (Segal, 2000), a PoS tagger (Bar-Haim et al., 2005), and a general purpose parser (Schmid, 2000) in an integrated framework in which morphological and syntactic components interact to share information, leading to improved performance on the joint task.</S>",
4,P08-1043,P11-1089,0,2008,0,Goldberg and Tsarfaty (2008) pro pose a generative joint model,Goldberg and Tsarfaty (2008) propose a generative joint model,"'0','3','162','53'","<S sid=""0"">A Single Generative Model for Joint Morphological Segmentation and Syntactic Parsing</S><S sid=""3"" ssid=""3"">Here we propose a single joint model for performing both morphological segmentation and syntactic disambiguation which bypasses the associated circularity.</S><S sid=""162"" ssid=""40"">Finally, our U (unparsed) measure is used to report the number of sentences to which our system could not propose a joint analysis.</S><S sid=""53"" ssid=""11"">Both (Tsarfaty, 2006; Cohen and Smith, 2007) have shown that a single integrated framework outperforms a completely streamlined implementation, yet neither has shown a single generative model which handles both tasks.</S>",
5,P08-1043,W10-1404,0,2008,0,Goldberg and Tsarfaty (2008) concluded that an integrated model of morphological disambiguation and syntactic parsing in Hebrew Treebank parsing improves the results of a pipelined approach,Goldberg and Tsarfaty (2008) concluded that an integrated model of morphological disambiguation and syntactic parsing in Hebrew Treebank parsing improves the results of a pipelined approach,"'0','48','49','4'","<S sid=""0"">A Single Generative Model for Joint Morphological Segmentation and Syntactic Parsing</S><S sid=""48"" ssid=""6"">Tsarfaty (2006) was the first to demonstrate that fully automatic Hebrew parsing is feasible using the newly available 5000 sentences treebank.</S><S sid=""49"" ssid=""7"">Tsarfaty and Sima&#8217;an (2007) have reported state-of-the-art results on Hebrew unlexicalized parsing (74.41%) albeit assuming oracle morphological segmentation.</S><S sid=""4"" ssid=""4"">Using a treebank grammar, a data-driven lexicon, and a linguistically motivated unknown-tokens handling technique our model outperforms previous pipelined, integrated or factorized systems for Hebrew morphological and syntactic processing, yielding an error reduction of 12% over the best published results so far.</S>",
6,P08-1043,P11-2124,0,2008,0,Goldberg and Tsarfaty (2008) demonstrated the effectiveness of lattice parsing for jointly performing segmentation and parsing of Hebrewtext,Goldberg and Tsarfaty (2008) demonstrated the effectiveness of lattice parsing for jointly performing segmentation and parsing of Hebrew text,"'0','49','159','48'","<S sid=""0"">A Single Generative Model for Joint Morphological Segmentation and Syntactic Parsing</S><S sid=""49"" ssid=""7"">Tsarfaty and Sima&#8217;an (2007) have reported state-of-the-art results on Hebrew unlexicalized parsing (74.41%) albeit assuming oracle morphological segmentation.</S><S sid=""159"" ssid=""37"">Our parsing performance measures (SY N) thus report the PARSEVAL extension proposed in Tsarfaty (2006).</S><S sid=""48"" ssid=""6"">Tsarfaty (2006) was the first to demonstrate that fully automatic Hebrew parsing is feasible using the newly available 5000 sentences treebank.</S>",
7,P08-1043,P11-2124,0,"Goldberg and Tsarfaty, 2008",0,"Following (Goldberg and Tsarfaty, 2008) we deal with the ambiguous affixation patterns in Hebrew by encoding the input sentence as a segmentation lattice","Following (Goldberg and Tsarfaty, 2008) we deal with the ambiguous affixation patterns in Hebrew by encoding the input sentence as a segmentation lattice","'14','22','34','2'","<S sid=""14"" ssid=""10"">The input for the segmentation task is however highly ambiguous for Semitic languages, and surface forms (tokens) may admit multiple possible analyses as in (BarHaim et al., 2007; Adler and Elhadad, 2006).</S><S sid=""22"" ssid=""1"">Segmental morphology Hebrew consists of seven particles m(&#8220;from&#8221;) f(&#8220;when&#8221;/&#8220;who&#8221;/&#8220;that&#8221;) h(&#8220;the&#8221;) w(&#8220;and&#8221;) k(&#8220;like&#8221;) l(&#8220;to&#8221;) and b(&#8220;in&#8221;). which may never appear in isolation and must always attach as prefixes to the following open-class category item we refer to as stem.</S><S sid=""34"" ssid=""13"">Lexical and Morphological Ambiguity The rich morphological processes for deriving Hebrew stems give rise to a high degree of ambiguity for Hebrew space-delimited tokens.</S><S sid=""2"" ssid=""2"">These words are in turn highly ambiguous, breaking the assumption underlying most parsers that the yield of a tree for a given sentence is known in advance.</S>",
8,P08-1043,P12-2002,0,2008,0,2The complete set of analyses for this word is provided in Goldberg and Tsarfaty (2008),The complete set of analyses for this word is provided in Goldberg and Tsarfaty (2008),"'101','135','85','136'","<S sid=""101"" ssid=""33"">The possible analyses of a surface token pose constraints on the analyses of specific segments.</S><S sid=""135"" ssid=""13"">We construct a mapping from all the space-delimited tokens seen in the training sentences to their corresponding analyses.</S><S sid=""85"" ssid=""17"">The Input The set of analyses for a token is thus represented as a lattice in which every arc corresponds to a specific lexeme l, as shown in Figure 1.</S><S sid=""136"" ssid=""14"">Lexicon and OOV Handling Our data-driven morphological-analyzer proposes analyses for unknown tokens as described in Section 5.</S>",
9,P08-1043,D12-1046,0,"Goldberg and Tsarfaty, 2008",0,"A study that is closely related toours is (Goldberg and Tsarfaty, 2008), where a single generative model was proposed for joint morphological segmentation and syntactic parsing for Hebrew","A study that is closely related to ours is (Goldberg and Tsarfaty, 2008), where a single generative model was proposed for joint morphological segmentation and syntactic parsing for Hebrew","'0','53','19','186'","<S sid=""0"">A Single Generative Model for Joint Morphological Segmentation and Syntactic Parsing</S><S sid=""53"" ssid=""11"">Both (Tsarfaty, 2006; Cohen and Smith, 2007) have shown that a single integrated framework outperforms a completely streamlined implementation, yet neither has shown a single generative model which handles both tasks.</S><S sid=""19"" ssid=""15"">Here we push the single-framework conjecture across the board and present a single model that performs morphological segmentation and syntactic disambiguation in a fully generative framework.</S><S sid=""186"" ssid=""24"">This fully generative model caters for real interaction between the syntactic and morphological levels as a part of a single coherent process.</S>",
10,P08-1043,D12-1133,0,2008,0,"Models that in addition incorporate morphological analysis and segmentation have been explored by Tsarfaty (2006), Cohen and Smith (2007), and Goldberg and Tsarfaty (2008) with special reference to Hebrew parsing","Models that in addition incorporate morphological analysis and segmentation have been explored by Tsarfaty (2006), Cohen and Smith (2007), and Goldberg and Tsarfaty (2008) with special reference to Hebrew parsing","'190','49','141','0'","<S sid=""190"" ssid=""4"">We conjecture that this trend may continue by incorporating additional information, e.g., three-dimensional models as proposed by Tsarfaty and Sima&#8217;an (2007).</S><S sid=""49"" ssid=""7"">Tsarfaty and Sima&#8217;an (2007) have reported state-of-the-art results on Hebrew unlexicalized parsing (74.41%) albeit assuming oracle morphological segmentation.</S><S sid=""141"" ssid=""19"">This analyzer setting is similar to that of (Cohen and Smith, 2007), and models using it are denoted nohsp, Parser and Grammar We used BitPar (Schmid, 2004), an efficient general purpose parser,10 together with various treebank grammars to parse the input sentences and propose compatible morphological segmentation and syntactic analysis.</S><S sid=""0"">A Single Generative Model for Joint Morphological Segmentation and Syntactic Parsing</S>",
11,P08-1043,E09-1038,0,"Goldberg and Tsarfaty, 2008",0,"4), and in a more realistic one in which parsing and segmentation are handled jointly by the parser (Goldberg and Tsarfaty, 2008) (Sec","Parsing and segmentation are handled jointly by the parser (Goldberg and Tsarfaty, 2008)","'0','49','21','141'","<S sid=""0"">A Single Generative Model for Joint Morphological Segmentation and Syntactic Parsing</S><S sid=""49"" ssid=""7"">Tsarfaty and Sima&#8217;an (2007) have reported state-of-the-art results on Hebrew unlexicalized parsing (74.41%) albeit assuming oracle morphological segmentation.</S><S sid=""21"" ssid=""17"">Morphological segmentation decisions in our model are delegated to a lexeme-based PCFG and we show that using a simple treebank grammar, a data-driven lexicon, and a linguistically motivated unknown-tokens handling our model outperforms (Tsarfaty, 2006) and (Cohen and Smith, 2007) on the joint task and achieves state-of-the-art results on a par with current respective standalone models.2</S><S sid=""141"" ssid=""19"">This analyzer setting is similar to that of (Cohen and Smith, 2007), and models using it are denoted nohsp, Parser and Grammar We used BitPar (Schmid, 2004), an efficient general purpose parser,10 together with various treebank grammars to parse the input sentences and propose compatible morphological segmentation and syntactic analysis.</S>",
12,P08-1043,E09-1038,0,"Goldberg and Tsarfaty, 2008",0,"It is the same grammar as described in (Goldberg and Tsarfaty, 2008)","It is the same grammar as described in (Goldberg and Tsarfaty, 2008)","'136','102','37','77'","<S sid=""136"" ssid=""14"">Lexicon and OOV Handling Our data-driven morphological-analyzer proposes analyses for unknown tokens as described in Section 5.</S><S sid=""102"" ssid=""34"">In order to pass these constraints onto the parser, the lexical rules in the grammar are of the form pi &#8212;* (si, pi) Parameter Estimation The grammar probabilities are estimated from the corpus using simple relative frequency estimates.</S><S sid=""37"" ssid=""16"">The same form fmnh can be segmented as f-mnh, f (&#8220;that&#8221;) functioning as a reletivizer with the form mnh.</S><S sid=""77"" ssid=""9"">Segments with the same surface form but different PoS tags are treated as different lexemes, and are represented as separate arcs (e.g. the two arcs labeled neim from node 6 to 7).</S>",
14,P08-1043,E09-1038,0,2008,0,"Several studies followed this line, (Cohen and Smith, 2007) the most recent of which is Goldberg and Tsarfaty (2008), who presented a model based on unweighted lattice parsing for performing the joint task","The most recent of which is Goldberg and Tsarfaty (2008), who presented a model based on unweighted lattice parsing for performing the joint task","'158','52','21','47'","<S sid=""158"" ssid=""36"">Evaluating parsing results in our joint framework, as argued by Tsarfaty (2006), is not trivial under the joint disambiguation task, as the hypothesized yield need not coincide with the correct one.</S><S sid=""52"" ssid=""10"">Cohen and Smith (2007) later on based a system for joint inference on factored, independent, morphological and syntactic components of which scores are combined to cater for the joint inference task.</S><S sid=""21"" ssid=""17"">Morphological segmentation decisions in our model are delegated to a lexeme-based PCFG and we show that using a simple treebank grammar, a data-driven lexicon, and a linguistically motivated unknown-tokens handling our model outperforms (Tsarfaty, 2006) and (Cohen and Smith, 2007) on the joint task and achieves state-of-the-art results on a par with current respective standalone models.2</S><S sid=""47"" ssid=""5"">Sima&#8217;an et al. (2001) presented parsing results for a DOP tree-gram model using a small data set (500 sentences) and semiautomatic morphological disambiguation.</S>",
15,P08-1043,E09-1038,0,2008,0,Goldberg and Tsarfaty (2008) use a data-driven morphological analyzer derived from the tree bank,Goldberg and Tsarfaty (2008) use a data-driven morphological analyzer derived from the tree bank,"'134','133','136','191'","<S sid=""134"" ssid=""12"">Such resources exist for Hebrew (Itai et al., 2006), but unfortunately use a tagging scheme which is incompatible with the one of the Hebrew Treebank.s For this reason, we use a data-driven morphological analyzer derived from the training data similar to (Cohen and Smith, 2007).</S><S sid=""133"" ssid=""11"">Morphological Analyzer Ideally, we would use an of-the-shelf morphological analyzer for mapping each input token to its possible analyses.</S><S sid=""136"" ssid=""14"">Lexicon and OOV Handling Our data-driven morphological-analyzer proposes analyses for unknown tokens as described in Section 5.</S><S sid=""191"" ssid=""5"">In the current work morphological analyses and lexical probabilities are derived from a small Treebank, which is by no means the best way to go.</S>",
16,P08-1043,E09-1038,0,2008,0,The model of Goldberg and Tsarfaty (2008) uses a morphological analyzer to constructs a lattice for each input token,The model of Goldberg and Tsarfaty (2008) uses a morphological analyzer to constructs a lattice for each input token,"'133','75','112','51'","<S sid=""133"" ssid=""11"">Morphological Analyzer Ideally, we would use an of-the-shelf morphological analyzer for mapping each input token to its possible analyses.</S><S sid=""75"" ssid=""7"">Every token is independent of the others, and the sentence lattice is in fact a concatenation of smaller lattices, one for each token.</S><S sid=""112"" ssid=""44"">We first make use of our morphological analyzer to find all segmentation possibilities by chopping off all prefix sequence possibilities (including the empty prefix) and construct a lattice off of them.</S><S sid=""51"" ssid=""9"">Tsarfaty (2006) used a morphological analyzer (Segal, 2000), a PoS tagger (Bar-Haim et al., 2005), and a general purpose parser (Schmid, 2000) in an integrated framework in which morphological and syntactic components interact to share information, leading to improved performance on the joint task.</S>",
17,P08-1043,E09-1038,0,"Goldberg and Tsarfaty, 2008",0,"Instead, we use the evaluation measure of (Tsarfaty, 2006), also used in (Goldberg and Tsarfaty, 2008), which is an adaptation of parse val to use characters instead of space-delimited tokens as its basic units","Instead, we use the evaluation measure of (Tsarfaty, 2006), also used in (Goldberg and Tsarfaty, 2008), which is an adaptation of parseval to use characters instead of space-delimited tokens as its basic units","'73','155','135','162'","<S sid=""73"" ssid=""5"">We use double-circles to indicate the space-delimited token boundaries.</S><S sid=""155"" ssid=""33"">Evaluation We use 8 different measures to evaluate the performance of our system on the joint disambiguation task.</S><S sid=""135"" ssid=""13"">We construct a mapping from all the space-delimited tokens seen in the training sentences to their corresponding analyses.</S><S sid=""162"" ssid=""40"">Finally, our U (unparsed) measure is used to report the number of sentences to which our system could not propose a joint analysis.</S>",
