Citance Number,Reference Article,Citing Article,Citation Marker Offset,Citation Marker,Citation Offset,Citation Text,Citation Text Clean,Reference Offset,Reference Text,Discourse Facet
2,W06-2932,W06-2920,,"McDonald et al, 2006",0.0,"Introduce through post-processing ,e.g. through reattachment rules (Bick, 2006) or if the change increases overall parse tree probability (McDonald et al, 2006)","Introduce through post-processing ,e.g. through reattachment rules (Bick, 2006) or if the change increases overall parse tree probability (McDonald et al, 2006)","'11','5','87','19'","<S sid=""11"" ssid=""7"">This has been shown through their successful use in many standard natural language processing tasks, including machine translation (Ding and Palmer, 2005), sentence compression (McDonald, 2006), and textual inference (Haghighi et al., 2005).</S><S sid=""5"" ssid=""1"">Often in language processing we require a deep syntactic representation of a sentence in order to assist further processing.</S><S sid=""87"" ssid=""9"">Unfortunately, accuracy for other word types decreases somewhat, resulting in no significant net accuracy change.</S><S sid=""19"" ssid=""1"">The first stage of our system creates an unlabeled parse y for an input sentence x.</S>",
3,W06-2932,W06-2920,0.0,2006,0.0,Table 5 shows the official results for submitted parser outputs.31 The two participant groups with the highest total score are McDonald et al (2006) and Nivre et al (2006),Table 5 shows the official results for submitted parser outputs. The two participant groups with the highest total score are McDonald et al (2006) and Nivre et al (2006),"'13','104','58','4'","<S sid=""13"" ssid=""9"">We evaluate this parser on a diverse set of 13 languages using data provided by the CoNLL-X shared-task organizers (Buchholz et al., 2006; Haji&#711;c et al., 2004; Simov et al., 2005; Simov and Osenova, 2003; Chen et al., 2003; B&#168;ohmov&#180;a et al., 2003; Kromann, 2003; van der Beek et al., 2002; Brants et al., 2002; Kawata and Bartels, 2000; Afonso et al., 2002; D&#711;zeroski et al., 2006; Civit Torruella and MartiAntonin, 2002; Nilsson et al., 2005; Oflazer et al., 2003; Atalay et al., 2003).</S><S sid=""104"" ssid=""1"">We have presented results showing that the spanning tree dependency parsing framework of McDonald et al. (McDonald et al., 2005b; McDonald and Pereira, 2006) generalizes well to languages other than English.</S><S sid=""58"" ssid=""6"">These results show that the discriminative spanning tree parsing framework (McDonald et al., 2005b; McDonald and Pereira, 2006) is easily adapted across all these languages.</S><S sid=""4"" ssid=""4"">We report results on the CoNLL-X shared task (Buchholz et al., 2006) data sets and present an error analysis.</S>",
4,W06-2932,W06-2920,0.0,2006,0.0,"Even though McDonald et al (2006) and Nivre et al (2006) obtained very similar overall scores, a more detailed look at their performance shows clear differences","Even though McDonald et al (2006) and Nivre et al (2006) obtained very similar overall scores, a more detailed look at their performance shows clear differences","'104','58','61','4'","<S sid=""104"" ssid=""1"">We have presented results showing that the spanning tree dependency parsing framework of McDonald et al. (McDonald et al., 2005b; McDonald and Pereira, 2006) generalizes well to languages other than English.</S><S sid=""58"" ssid=""6"">These results show that the discriminative spanning tree parsing framework (McDonald et al., 2005b; McDonald and Pereira, 2006) is easily adapted across all these languages.</S><S sid=""61"" ssid=""9"">In fact, for every language our models perform significantly higher than the average performance for all the systems reported in Buchholz et al. (2006).</S><S sid=""4"" ssid=""4"">We report results on the CoNLL-X shared task (Buchholz et al., 2006) data sets and present an error analysis.</S>",
5,W06-2932,W08-1007,0.0,2006,0.0,"The high est score on parsing German in the CoNLL-X shared task was obtained by the system of McDonald et al (2006) with a LAS of 87.34 based on the TIGER tree bank, but we want to stress that these results are not comparable due to different data sets (anda different policy regarding the inclusion of punctuation) .The constituency versions were evaluated according to the labeled recall (LR), labeled precision (LP) and labeled F-score (LF)","The highest score on parsing German in the CoNLL-X shared task was obtained by the system of McDonald et al (2006) with a LAS of 87.34 based on the TIGER tree bank, but we want to stress that these results are not comparable due to different data sets (and a different policy regarding the inclusion of punctuation). The constituency versions were evaluated according to the labeled recall (LR), labeled precision (LP) and labeled F-score (LF)","'13','20','4','66'","<S sid=""13"" ssid=""9"">We evaluate this parser on a diverse set of 13 languages using data provided by the CoNLL-X shared-task organizers (Buchholz et al., 2006; Haji&#711;c et al., 2004; Simov et al., 2005; Simov and Osenova, 2003; Chen et al., 2003; B&#168;ohmov&#180;a et al., 2003; Kromann, 2003; van der Beek et al., 2002; Brants et al., 2002; Kawata and Bartels, 2000; Afonso et al., 2002; D&#711;zeroski et al., 2006; Civit Torruella and MartiAntonin, 2002; Nilsson et al., 2005; Oflazer et al., 2003; Atalay et al., 2003).</S><S sid=""20"" ssid=""2"">This system is primarily based on the parsing models described by McDonald and Pereira (2006).</S><S sid=""4"" ssid=""4"">We report results on the CoNLL-X shared task (Buchholz et al., 2006) data sets and present an error analysis.</S><S sid=""66"" ssid=""4"">These results report the average labeled and unlabeled precision for the 10 languages with the smallest training sets.</S>",
6,W06-2932,W09-1210,0.0,2006,,McDonald et al (2006) use an additional algorithm,McDonald et al (2006) use an additional algorithm,"'13','11','20','4'","<S sid=""13"" ssid=""9"">We evaluate this parser on a diverse set of 13 languages using data provided by the CoNLL-X shared-task organizers (Buchholz et al., 2006; Haji&#711;c et al., 2004; Simov et al., 2005; Simov and Osenova, 2003; Chen et al., 2003; B&#168;ohmov&#180;a et al., 2003; Kromann, 2003; van der Beek et al., 2002; Brants et al., 2002; Kawata and Bartels, 2000; Afonso et al., 2002; D&#711;zeroski et al., 2006; Civit Torruella and MartiAntonin, 2002; Nilsson et al., 2005; Oflazer et al., 2003; Atalay et al., 2003).</S><S sid=""11"" ssid=""7"">This has been shown through their successful use in many standard natural language processing tasks, including machine translation (Ding and Palmer, 2005), sentence compression (McDonald, 2006), and textual inference (Haghighi et al., 2005).</S><S sid=""20"" ssid=""2"">This system is primarily based on the parsing models described by McDonald and Pereira (2006).</S><S sid=""4"" ssid=""4"">We report results on the CoNLL-X shared task (Buchholz et al., 2006) data sets and present an error analysis.</S>",
7,W06-2932,W12-3407,0.0,"McDonald et al, 2006",0.0,"Regarding the data-driven parsers, we have made use of MaltParser (Nivre et al, 2007b) and MST Parser (McDonald et al, 2006), two state of the art dependency parsers representing two dominant approaches in data-driven dependency parsing, and that have been successfully applied to typologically different languages and tree banks (McDonald and Nivre, 2007)","Regarding the data-driven parsers, we have made use of MaltParser (Nivre et al, 2007b) and MST Parser (McDonald et al, 2006), two state of the art dependency parsers representing two dominant approaches in data-driven dependency parsing, and that have been successfully applied to typologically different languages and tree banks (McDonald and Nivre, 2007)","'104','0','45','18'","<S sid=""104"" ssid=""1"">We have presented results showing that the spanning tree dependency parsing framework of McDonald et al. (McDonald et al., 2005b; McDonald and Pereira, 2006) generalizes well to languages other than English.</S><S sid=""0"">Multilingual Dependency Analysis with a Two-Stage Discriminative Parser</S><S sid=""45"" ssid=""14"">Furthermore, it made the system homogeneous in terms of learning algorithms since that is what is used to train our unlabeled parser (McDonald and Pereira, 2006).</S><S sid=""18"" ssid=""14"">We Proceedings of the 10th Conference on Computational Natural Language Learning (CoNLL-X), pages 216&#8211;220, New York City, June 2006. c&#65533;2006 Association for Computational Linguistics assume that all dependency graphs are trees but may be non-projective, both of which are true in the data sets we use.</S>",
8,W06-2932,I08-1012,0.0,"McDonald et al, 2006",0.0,"In fact, our approach can also be applied to other parsers, such as (Yamada and Matsumoto, 2003)? s parser, (McDonald et al., 2006)? s parser, and so on","In fact, our approach can also be applied to other parsers, such as (Yamada and Matsumoto, 2003)'s parser, (McDonald et al., 2006)'s parser, and so on","'45','0','100','51'","<S sid=""45"" ssid=""14"">Furthermore, it made the system homogeneous in terms of learning algorithms since that is what is used to train our unlabeled parser (McDonald and Pereira, 2006).</S><S sid=""0"">Multilingual Dependency Analysis with a Two-Stage Discriminative Parser</S><S sid=""100"" ssid=""22"">The fact that Arabic has only 1500 training instances might also be problematic.</S><S sid=""51"" ssid=""20"">Note that many of these features are beyond the scope of the edge based factorizations of the unlabeled parser.</S>",
11,W06-2932,N07-1050,0.0,"McDonald et al, 2006",0.0,"We have shown that, for languages with a7McDonald et al (2006) use post-processing for non projective dependencies and for labeling",McDonald et al (2006) use post-processing for non-projective dependencies and for labeling,"'11','5','18','64'","<S sid=""11"" ssid=""7"">This has been shown through their successful use in many standard natural language processing tasks, including machine translation (Ding and Palmer, 2005), sentence compression (McDonald, 2006), and textual inference (Haghighi et al., 2005).</S><S sid=""5"" ssid=""1"">Often in language processing we require a deep syntactic representation of a sentence in order to assist further processing.</S><S sid=""18"" ssid=""14"">We Proceedings of the 10th Conference on Computational Natural Language Learning (CoNLL-X), pages 216&#8211;220, New York City, June 2006. c&#65533;2006 Association for Computational Linguistics assume that all dependency graphs are trees but may be non-projective, both of which are true in the data sets we use.</S><S sid=""64"" ssid=""2"">N/P: Allow non-projective/Force projective, S/A: Sequential labeling/Atomic labeling, M/B: Include morphology features/No morphology features. assignment of edge labels instead of individual assignment, and a rich feature set that incorporates morphological properties when available.</S>",
12,W06-2932,D07-1122,0.0,"McDonald et al, 2006",0.0,"As described in (McDonald et al, 2006), we treat the labeling of dependencies as a sequence labeling problem","As described in (McDonald et al, 2006), we treat the labeling of dependencies as a sequence labeling problem","'20','41','2','76'","<S sid=""20"" ssid=""2"">This system is primarily based on the parsing models described by McDonald and Pereira (2006).</S><S sid=""41"" ssid=""10"">To model this we treat the labeling of the edges (i, j1), ... , (i, jM) as a sequence labeling problem, We use a first-order Markov factorization of the score s(l(i,jm), l(i,jm&#65533;1), i, y, x) in which each factor is the score of labeling the adjacent edges (i, jm) and (i, jm&#8722;1) in the tree y.</S><S sid=""2"" ssid=""2"">The first stage based on the unlabeled dependency parsing models described by McDonald and Pereira (2006) augmented with morphological features for a subset of the languages.</S><S sid=""76"" ssid=""14"">For instance, sequential labeling improves the labeling of 2This difference was much larger for experiments in which gold standard unlabeled dependencies are used. objects from 81.7%/75.6% to 84.2%/81.3% (labeled precision/recall) and the labeling of subjects from 86.8%/88.2% to 90.5%/90.4% for Swedish.</S>",
14,W06-2932,D07-1015,0.0,2006,0.0,5It should be noted that McDonald et al (2006) use a richer feature set that is incomparable to our features,It should be noted that McDonald et al (2006) use a richer feature set that is incomparable to our features,"'11','29','46','2'","<S sid=""11"" ssid=""7"">This has been shown through their successful use in many standard natural language processing tasks, including machine translation (Ding and Palmer, 2005), sentence compression (McDonald, 2006), and textual inference (Haghighi et al., 2005).</S><S sid=""29"" ssid=""11"">We then add to the representation of the edge: Mi as head features, Mj as dependent features, and also each conjunction of a feature from both sets.</S><S sid=""46"" ssid=""15"">Of course, we have to define a set of suitable features.</S><S sid=""2"" ssid=""2"">The first stage based on the unlabeled dependency parsing models described by McDonald and Pereira (2006) augmented with morphological features for a subset of the languages.</S>",
18,W06-2932,D10-1004,0.0,2006,0.0,"Entries marked with? are the highest reported in the literature, to the best of our knowledge, beating (sometimes slightly) McDonald et al (2006), Martins et al (2008), Martins et al (2009), and, in the case of English Proj., also the third-order parser of Koo and Collins (2010), which achieves 93.04% on that dataset (their experiments in Czech are not comparable, since the datasets are different)","Entries marked with are the highest reported in the literature, to the best of our knowledge, beating (sometimes slightly) McDonald et al (2006), Martins et al (2008), Martins et al (2009), and, in the case of English Proj., also the third-order parser of Koo and Collins (2010), which achieves 93.04% on that dataset (their experiments in Czech are not comparable, since the datasets are different)","'13','61','4','35'","<S sid=""13"" ssid=""9"">We evaluate this parser on a diverse set of 13 languages using data provided by the CoNLL-X shared-task organizers (Buchholz et al., 2006; Haji&#711;c et al., 2004; Simov et al., 2005; Simov and Osenova, 2003; Chen et al., 2003; B&#168;ohmov&#180;a et al., 2003; Kromann, 2003; van der Beek et al., 2002; Brants et al., 2002; Kawata and Bartels, 2000; Afonso et al., 2002; D&#711;zeroski et al., 2006; Civit Torruella and MartiAntonin, 2002; Nilsson et al., 2005; Oflazer et al., 2003; Atalay et al., 2003).</S><S sid=""61"" ssid=""9"">In fact, for every language our models perform significantly higher than the average performance for all the systems reported in Buchholz et al. (2006).</S><S sid=""4"" ssid=""4"">We report results on the CoNLL-X shared task (Buchholz et al., 2006) data sets and present an error analysis.</S><S sid=""35"" ssid=""4"">In our case this means we are forced only to consider features over single edges or pairs of edges.</S>",
19,W06-2932,P08-1108,0.0,"McDonald et al, 2006",0.0,"The specific graph-based model studied in this work is that presented by McDonald et al (2006), which factors scores over pairs of arcs (instead of just single arcs) and uses near exhaustive search for unlabeled parsing coupled with a separate classifier to label each arc. We call this system MSTParser, or simply MST for short, which is also the name of the freely available implementation.2 2.3 Transition-Based Models","The specific graph-based model studied in this work is that presented by McDonald et al (2006), which factors scores over pairs of arcs (instead of just single arcs) and uses near exhaustive search for unlabeled parsing coupled with a separate classifier to label each arc. We call this system MSTParser, or simply MST for short, which is also the name of the freely available implementation.","'21','20','35','16'","<S sid=""21"" ssid=""3"">That work extends the maximum spanning tree dependency parsing framework (McDonald et al., 2005a; McDonald et al., 2005b) to incorporate features over multiple edges in the dependency graph.</S><S sid=""20"" ssid=""2"">This system is primarily based on the parsing models described by McDonald and Pereira (2006).</S><S sid=""35"" ssid=""4"">In our case this means we are forced only to consider features over single edges or pairs of edges.</S><S sid=""16"" ssid=""12"">A dependency graph is represented by a set of ordered pairs (i, j) E y in which xj is a dependent and xi is the corresponding head.</S>",
20,W06-2932,P08-1108,0.0,"McDonald et al, 2006",0.0,"More precisely, dependency arcs (or pairs of arcs) are first represented by a high dimensional feature vector f (i, j, l)? Rk, where f is typically a bi nary feature vector over properties of the arc as well as the surrounding input (McDonald et al, 2005a; McDonald et al, 2006)","More precisely, dependency arcs (or pairs of arcs) are first represented by a high dimensional feature vector f (i, j, l) Rk, where f is typically a binary feature vector over properties of the arc as well as the surrounding input (McDonald et al, 2005a; McDonald et al, 2006)","'21','43','16','41'","<S sid=""21"" ssid=""3"">That work extends the maximum spanning tree dependency parsing framework (McDonald et al., 2005a; McDonald et al., 2005b) to incorporate features over multiple edges in the dependency graph.</S><S sid=""43"" ssid=""12"">For score functions, we use simple dot products between high dimensional feature representations and a weight vector Assuming we have an appropriate feature representation, we can find the highest scoring label sequence with Viterbi&#8217;s algorithm.</S><S sid=""16"" ssid=""12"">A dependency graph is represented by a set of ordered pairs (i, j) E y in which xj is a dependent and xi is the corresponding head.</S><S sid=""41"" ssid=""10"">To model this we treat the labeling of the edges (i, j1), ... , (i, jM) as a sequence labeling problem, We use a first-order Markov factorization of the score s(l(i,jm), l(i,jm&#65533;1), i, y, x) in which each factor is the score of labeling the adjacent edges (i, jm) and (i, jm&#8722;1) in the tree y.</S>",
